"cell_type","replicate","stim_type","stim_level","stim_unit","time","ratio_dye_A","ratio_dye_B","merged_nuclei","nuclearity","A","B"
"MEF","replicate_1","IFNG",0,"ng/ml",15,1.1448,1.4148,"yes","bi-nuclear",1.4078,1.25
"MEF","replicate_1","IFNG",0,"ng/ml",15,1.2386,1.6891,"yes","bi-nuclear",1.5376,1.1493
"MEF","replicate_1","IFNG",0,"ng/ml",15,0.9747,0.603,"yes","bi-nuclear",5.7524,18.5829
"MEF","replicate_1","IFNG",0,"ng/ml",15,0.9253,0.7335,"yes","bi-nuclear",0.5565,0.4597
"MEF","replicate_1","IFNG",0,"ng/ml",15,0.5063,0.2782,"yes","bi-nuclear",0.6528,0.9376
"MEF","replicate_1","IFNG",0,"ng/ml",15,0.9786,0.9758,"yes","bi-nuclear",0.8824,0.972
"MEF","replicate_1","IFNG",0,"ng/ml",15,1.1886,1.1441,"yes","bi-nuclear",1.4426,1.4361
"MEF","replicate_1","IFNG",0,"ng/ml",15,1.0044,1.4527,"yes","bi-nuclear",0.7533,0.758
"MEF","replicate_1","IFNG",0,"ng/ml",15,1.1926,1.5176,"yes","bi-nuclear",0.5994,0.5153
"MEF","replicate_1","IFNG",0,"ng/ml",15,0.7686,0.6462,"yes","bi-nuclear",0.8235,0.836
"MEF","replicate_1","IFNG",0,"ng/ml",15,0.9072,1.0601,"yes","bi-nuclear",0.8808,0.7323
"MEF","replicate_1","IFNG",0,"ng/ml",15,1.2902,1.0969,"yes","bi-nuclear",0.7804,0.5473
"MEF","replicate_1","IFNG",0,"ng/ml",15,0.6651,0.8337,"yes","bi-nuclear",0.3659,0.4401
"MEF","replicate_1","IFNG",0,"ng/ml",15,0.5845,0.6866,"yes","bi-nuclear",0.2288,0.3025
"MEF","replicate_1","IFNG",0.1,"ng/ml",15,1.0795,0.9644,"yes","bi-nuclear",1.635,1.5234
"MEF","replicate_1","IFNG",0.1,"ng/ml",15,0.9453,0.9988,"yes","bi-nuclear",7.5941,6.2817
"MEF","replicate_1","IFNG",1,"ng/ml",15,0.707,0.7645,"yes","bi-nuclear",8.5085,8.3086
"MEF","replicate_1","IFNG",1,"ng/ml",15,0.9386,0.8851,"yes","bi-nuclear",10.8534,8.1273
"MEF","replicate_1","IFNG",1,"ng/ml",15,1.0409,0.904,"yes","bi-nuclear",6.1434,6.4382
"MEF","replicate_1","IFNG",1,"ng/ml",15,0.8529,0.8075,"yes","bi-nuclear",9.3204,9.2261
"MEF","replicate_1","IFNG",10,"ng/ml",15,1.231,1.0709,"yes","bi-nuclear",19.3747,17.6138
"MEF","replicate_1","IFNG",10,"ng/ml",15,0.8054,1.1864,"yes","bi-nuclear",23.7158,19.4221
"MEF","replicate_1","IFNG",10,"ng/ml",15,1.5172,1.1232,"yes","bi-nuclear",25.1827,31.8504
"MEF","replicate_1","IFNG",10,"ng/ml",15,0.6656,0.653,"yes","bi-nuclear",4.752,7.9616
"MEF","replicate_1","IFNG",0.1,"ng/ml",15,0.5266,0.4135,"yes","bi-nuclear",2.6816,9.2354
"MEF","replicate_1","IFNG",0.1,"ng/ml",15,0.983,1.1864,"yes","bi-nuclear",3.7992,3.6677
"MEF","replicate_1","IFNG",0.1,"ng/ml",15,1.1246,1.0184,"yes","bi-nuclear",4.8042,4.5632
"MEF","replicate_1","IFNG",1,"ng/ml",15,0.9139,0.6826,"yes","bi-nuclear",15.7308,15.7
"MEF","replicate_1","IFNG",1,"ng/ml",15,0.6791,0.9169,"yes","bi-nuclear",8.5229,10.0584
"MEF","replicate_1","IFNG",10,"ng/ml",15,1.288,1.5412,"yes","bi-nuclear",16.9088,13.8941
"MEF","replicate_1","IFNG",10,"ng/ml",5,0.9452,1.0481,"yes","bi-nuclear",5.1246,5.5209
"MEF","replicate_1","IFNG",10,"ng/ml",5,1.2645,0.8558,"yes","bi-nuclear",6.1767,5.5139
"MEF","replicate_1","IFNG",10,"ng/ml",5,1.2233,1.2839,"yes","bi-nuclear",2.7723,2.097
"MEF","replicate_1","IFNG",10,"ng/ml",5,0.7469,0.4337,"yes","bi-nuclear",3.2736,3.3991
"MEF","replicate_1","IFNG",10,"ng/ml",5,0.6972,0.6591,"yes","bi-nuclear",2.6413,3.7745
"MEF","replicate_1","IFNG",0,"ng/ml",15,0.3829,1.274,"no","bi-nuclear",1.7885,1.2181
"MEF","replicate_1","IFNG",0,"ng/ml",15,3.1718,1.0435,"no","bi-nuclear",3.3898,1.3811
"MEF","replicate_1","IFNG",0,"ng/ml",15,1.6473,0.987,"no","bi-nuclear",1.7938,1.2114
"MEF","replicate_1","IFNG",0,"ng/ml",15,2.3348,0.6803,"no","bi-nuclear",0.9876,0.6729
"MEF","replicate_1","IFNG",0,"ng/ml",15,0.8945,1.6284,"no","bi-nuclear",1.1692,1.1195
"MEF","replicate_1","IFNG",0,"ng/ml",15,2.1309,0.2821,"no","bi-nuclear",1.1921,0.9376
"MEF","replicate_1","IFNG",0,"ng/ml",15,2.6366,0.5893,"no","bi-nuclear",1.2031,1.0518
"MEF","replicate_1","IFNG",0,"ng/ml",15,0.5518,2.5294,"no","bi-nuclear",1.0939,1.0738
"MEF","replicate_1","IFNG",0,"ng/ml",15,0.4568,1.1075,"no","bi-nuclear",1.4364,1.177
"MEF","replicate_1","IFNG",0,"ng/ml",15,2.1822,0.1573,"no","bi-nuclear",0.3266,0.3592
"MEF","replicate_1","IFNG",0,"ng/ml",15,2.5455,0.5922,"no","bi-nuclear",0.6313,0.7959
"MEF","replicate_1","IFNG",0,"ng/ml",15,0.4104,2.4366,"no","bi-nuclear",0.8643,0.7343
"MEF","replicate_1","IFNG",0,"ng/ml",15,2.5272,0.3049,"no","bi-nuclear",1.1017,1.8784
"MEF","replicate_1","IFNG",0,"ng/ml",15,1.6337,0.4672,"no","bi-nuclear",1.8687,2.4212
"MEF","replicate_1","IFNG",0,"ng/ml",15,0.4108,1.5802,"no","bi-nuclear",1.062,0.7982
"MEF","replicate_1","IFNG",0,"ng/ml",15,3.1954,0.4898,"no","bi-nuclear",0.5316,0.5403
"MEF","replicate_1","IFNG",0,"ng/ml",15,0.3074,2.3187,"no","bi-nuclear",0.4497,0.4668
"MEF","replicate_1","IFNG",0,"ng/ml",15,2.622,0.5795,"no","bi-nuclear",1.9782,0.7854
"MEF","replicate_1","IFNG",0,"ng/ml",15,2.5595,0.3484,"no","bi-nuclear",0.9203,0.8217
"MEF","replicate_1","IFNG",0,"ng/ml",15,3.2885,0.39,"no","bi-nuclear",1.07,0.5586
"MEF","replicate_1","IFNG",0,"ng/ml",15,3.155,0.6279,"no","bi-nuclear",1.4049,0.9351
"MEF","replicate_1","IFNG",0,"ng/ml",15,3.7787,0.4313,"no","bi-nuclear",0.7026,0.5451
"MEF","replicate_1","IFNG",0,"ng/ml",15,0.4858,3.1118,"no","bi-nuclear",0.8422,0.5646
"MEF","replicate_1","IFNG",0,"ng/ml",15,0.3581,2.0621,"no","bi-nuclear",0.596,0.7026
"MEF","replicate_1","IFNG",0,"ng/ml",15,0.552,7.1068,"no","bi-nuclear",1.0258,0.7124
"MEF","replicate_1","IFNG",0,"ng/ml",15,0.3588,1.4185,"no","bi-nuclear",1.3207,1.0692
"MEF","replicate_1","IFNG",0,"ng/ml",15,1.8373,0.0767,"no","bi-nuclear",0.4002,0.524
"MEF","replicate_1","IFNG",0,"ng/ml",15,2.3881,0.2368,"no","bi-nuclear",0.5322,0.6611
"MEF","replicate_1","IFNG",0,"ng/ml",15,2.0405,0.3323,"no","bi-nuclear",0.7297,0.5535
"MEF","replicate_1","IFNG",0,"ng/ml",15,3.3962,0.5463,"no","bi-nuclear",0.8417,0.4744
"MEF","replicate_1","IFNG",0.1,"ng/ml",15,0.2821,2.2758,"no","bi-nuclear",1.098,1.6699
"MEF","replicate_1","IFNG",0.1,"ng/ml",15,2.2535,0.4867,"no","bi-nuclear",2.6862,2.0411
"MEF","replicate_1","IFNG",0.1,"ng/ml",15,0.4276,1.666,"no","bi-nuclear",5.5352,6.8816
"MEF","replicate_1","IFNG",0.1,"ng/ml",15,2.7987,0.4277,"no","bi-nuclear",1.5889,1.676
"MEF","replicate_1","IFNG",0.1,"ng/ml",15,0.4117,2.5704,"no","bi-nuclear",1.7028,0.8367
"MEF","replicate_1","IFNG",0.1,"ng/ml",15,0.2938,2.4238,"no","bi-nuclear",2.7561,3.4089
"MEF","replicate_1","IFNG",0.1,"ng/ml",15,3.0323,0.4605,"no","bi-nuclear",2.2094,1.7117
"MEF","replicate_1","IFNG",0.1,"ng/ml",15,3.4199,0.4001,"no","bi-nuclear",2.6536,1.6117
"MEF","replicate_1","IFNG",0.1,"ng/ml",15,2.8038,0.2754,"no","bi-nuclear",1.9975,2.6012
"MEF","replicate_1","IFNG",0.1,"ng/ml",15,0.3585,1.7365,"no","bi-nuclear",0.6551,0.6714
"MEF","replicate_1","IFNG",0.1,"ng/ml",15,2.1126,0.222,"no","bi-nuclear",3.1057,4.4174
"MEF","replicate_1","IFNG",0.1,"ng/ml",15,0.4869,2.4997,"no","bi-nuclear",2.9311,2.0296
"MEF","replicate_1","IFNG",0.1,"ng/ml",15,3.2827,0.628,"no","bi-nuclear",6.2905,2.7592
"MEF","replicate_1","IFNG",0.1,"ng/ml",15,2.9834,0.3934,"no","bi-nuclear",1.6169,1.5096
"MEF","replicate_1","IFNG",0.1,"ng/ml",15,0.4093,4.2991,"no","bi-nuclear",3.0105,2.2953
"MEF","replicate_1","IFNG",0.1,"ng/ml",15,2.2797,0.4061,"no","bi-nuclear",2.7033,3.4127
"MEF","replicate_1","IFNG",0.1,"ng/ml",15,3.3739,0.4588,"no","bi-nuclear",1.5865,1.2132
"MEF","replicate_1","IFNG",0.1,"ng/ml",15,3.4659,0.4446,"no","bi-nuclear",1.2809,1.0313
"MEF","replicate_1","IFNG",0.1,"ng/ml",15,2.3706,0.3455,"no","bi-nuclear",1.0606,1.301
"MEF","replicate_1","IFNG",1,"ng/ml",15,3.0614,0.4735,"no","bi-nuclear",11.5403,11.7987
"MEF","replicate_1","IFNG",1,"ng/ml",15,2.9647,0.1139,"no","bi-nuclear",12.0046,10.5077
"MEF","replicate_1","IFNG",1,"ng/ml",15,2.5542,0.0565,"no","bi-nuclear",7.4695,9.5072
"MEF","replicate_1","IFNG",1,"ng/ml",15,0.5324,4.5872,"no","bi-nuclear",25.1451,18.5314
"MEF","replicate_1","IFNG",1,"ng/ml",15,2.4006,0.3716,"no","bi-nuclear",20.4959,14.8873
"MEF","replicate_1","IFNG",1,"ng/ml",15,2.3992,0.4852,"no","bi-nuclear",13.9172,15.4647
"MEF","replicate_1","IFNG",1,"ng/ml",15,0.4854,2.0811,"no","bi-nuclear",6.7295,10.0999
"MEF","replicate_1","IFNG",1,"ng/ml",15,3.2819,0.307,"no","bi-nuclear",11.2349,10.0397
"MEF","replicate_1","IFNG",1,"ng/ml",15,2.2081,0.4633,"no","bi-nuclear",15.7695,10.4358
"MEF","replicate_1","IFNG",1,"ng/ml",15,2.0836,0.5683,"no","bi-nuclear",9.807,6.6141
"MEF","replicate_1","IFNG",1,"ng/ml",15,0.5167,4.2415,"no","bi-nuclear",36.3932,26.2145
"MEF","replicate_1","IFNG",1,"ng/ml",15,1.9012,0.3748,"no","bi-nuclear",10.0477,12.0164
"MEF","replicate_1","IFNG",1,"ng/ml",15,0.5438,8.7547,"no","bi-nuclear",13.6335,8.6686
"MEF","replicate_1","IFNG",1,"ng/ml",15,0.3064,2.4619,"no","bi-nuclear",18.5251,18.8124
"MEF","replicate_1","IFNG",1,"ng/ml",15,0.5264,3.6568,"no","bi-nuclear",14.5056,10.869
"MEF","replicate_1","IFNG",1,"ng/ml",15,0.3056,1.9474,"no","bi-nuclear",5.6926,8.7319
"MEF","replicate_1","IFNG",1,"ng/ml",15,0.3195,1.6535,"no","bi-nuclear",12.1761,14.5004
"MEF","replicate_1","IFNG",1,"ng/ml",15,0.4626,3.3786,"no","bi-nuclear",10.5923,6.0026
"MEF","replicate_1","IFNG",1,"ng/ml",15,0.3877,2.1396,"no","bi-nuclear",12.1097,11.96
"MEF","replicate_1","IFNG",1,"ng/ml",15,3.4872,0.2062,"no","bi-nuclear",10.1121,7.1981
"MEF","replicate_1","IFNG",1,"ng/ml",15,0.489,2.8242,"no","bi-nuclear",2.0865,1.0784
"MEF","replicate_1","IFNG",1,"ng/ml",15,2.7576,0.3191,"no","bi-nuclear",8.2908,8.891
"MEF","replicate_1","IFNG",10,"ng/ml",15,3.0433,0.5983,"no","bi-nuclear",26.3717,23.9043
"MEF","replicate_1","IFNG",10,"ng/ml",15,0.387,2.6852,"no","bi-nuclear",14.3847,16.9242
"MEF","replicate_1","IFNG",10,"ng/ml",15,2.2082,0.216,"no","bi-nuclear",15.2088,14.0243
"MEF","replicate_1","IFNG",10,"ng/ml",15,0.49,4.045,"no","bi-nuclear",30.4063,19.9046
"MEF","replicate_1","IFNG",10,"ng/ml",15,0.4527,2.4567,"no","bi-nuclear",6.2283,7.393
"MEF","replicate_1","IFNG",10,"ng/ml",15,0.3482,3.3904,"no","bi-nuclear",17.0664,17.4562
"MEF","replicate_1","IFNG",10,"ng/ml",15,4.1853,0.3714,"no","bi-nuclear",18.822,12.3944
"MEF","replicate_1","IFNG",10,"ng/ml",15,0.2991,2.7389,"no","bi-nuclear",13.1426,20.3179
"MEF","replicate_1","IFNG",10,"ng/ml",15,2.9654,0.4348,"no","bi-nuclear",11.6394,11.7282
"MEF","replicate_1","IFNG",10,"ng/ml",15,0.3164,1.7149,"no","bi-nuclear",4.4436,33.0092
"MEF","replicate_1","IFNG",10,"ng/ml",15,0.4984,1.9889,"no","bi-nuclear",21.714,23.6618
"MEF","replicate_1","IFNG",10,"ng/ml",15,2.2953,0.2273,"no","bi-nuclear",21.0845,19.7713
"MEF","replicate_1","IFNG",10,"ng/ml",15,1.0959,1.8839,"no","bi-nuclear",11.0247,10.2518
"MEF","replicate_1","IFNG",10,"ng/ml",15,2.778,0.3776,"no","bi-nuclear",8.7543,4.9001
"MEF","replicate_1","IFNG",10,"ng/ml",15,3.3691,0.4553,"no","bi-nuclear",24.6524,14.7926
"MEF","replicate_1","IFNG",10,"ng/ml",15,3.648,0.4733,"no","bi-nuclear",16.0649,12.0398
"MEF","replicate_1","IFNG",10,"ng/ml",15,3.0811,0.4641,"no","bi-nuclear",31.1319,21.9973
"MEF","replicate_1","IFNG",10,"ng/ml",15,3.1173,0.6042,"no","bi-nuclear",25.0666,16.7702
"MEF","replicate_1","IFNG",10,"ng/ml",15,2.6697,0.4671,"no","bi-nuclear",9.4508,4.7057
"MEF","replicate_1","IFNG",10,"ng/ml",15,0.477,3.9077,"no","bi-nuclear",0.7649,0.5581
"MEF","replicate_1","IFNG",10,"ng/ml",15,0.3612,2.7455,"no","bi-nuclear",13.9041,18.4202
"MEF","replicate_1","IFNG",10,"ng/ml",15,0.4746,2.7383,"no","bi-nuclear",20.1644,15.2262
"MEF","replicate_1","IFNG",10,"ng/ml",15,0.5224,4.8004,"no","bi-nuclear",8.8519,4.5024
"MEF","replicate_1","IFNG",0.1,"ng/ml",15,2.7095,0.6103,"no","bi-nuclear",8.6182,4.2582
"MEF","replicate_1","IFNG",0.1,"ng/ml",15,2.1956,0.2623,"no","bi-nuclear",1.4842,1.81
"MEF","replicate_1","IFNG",0.1,"ng/ml",15,0.5159,1.9795,"no","bi-nuclear",2.4781,1.4059
"MEF","replicate_1","IFNG",0.1,"ng/ml",15,2.4414,0.2919,"no","bi-nuclear",5.0337,4.3411
"MEF","replicate_1","IFNG",0.1,"ng/ml",15,0.4381,2.0337,"no","bi-nuclear",5.9718,10.606
"MEF","replicate_1","IFNG",0.1,"ng/ml",15,2.0953,0.2235,"no","bi-nuclear",2.8495,3.5849
"MEF","replicate_1","IFNG",0.1,"ng/ml",15,0.4074,3.8678,"no","bi-nuclear",4.1013,4.001
"MEF","replicate_1","IFNG",0.1,"ng/ml",15,1.7843,0.6137,"no","bi-nuclear",4.3131,5.1679
"MEF","replicate_1","IFNG",0.1,"ng/ml",15,0.5549,2.8629,"no","bi-nuclear",2.9399,2.706
"MEF","replicate_1","IFNG",0.1,"ng/ml",15,0.3893,1.5234,"no","bi-nuclear",5.0686,2.9314
"MEF","replicate_1","IFNG",0.1,"ng/ml",15,2.9323,0.358,"no","bi-nuclear",3.2144,2.0575
"MEF","replicate_1","IFNG",0.1,"ng/ml",15,0.2857,1.8279,"no","bi-nuclear",4.7763,3.6166
"MEF","replicate_1","IFNG",0.1,"ng/ml",15,0.5531,2.5652,"no","bi-nuclear",3.7481,2.1324
"MEF","replicate_1","IFNG",0.1,"ng/ml",15,2.7635,0.6382,"no","bi-nuclear",3.0817,1.976
"MEF","replicate_1","IFNG",0.1,"ng/ml",15,2.8767,0.6237,"no","bi-nuclear",3.6836,2.5074
"MEF","replicate_1","IFNG",0.1,"ng/ml",15,2.7801,0.4674,"no","bi-nuclear",3.2559,3.836
"MEF","replicate_1","IFNG",1,"ng/ml",15,2.7666,0.2579,"no","bi-nuclear",5.7366,6.9034
"MEF","replicate_1","IFNG",1,"ng/ml",15,0.3978,2.3185,"no","bi-nuclear",6.586,4.1476
"MEF","replicate_1","IFNG",1,"ng/ml",15,0.3009,2.7817,"no","bi-nuclear",11.327,12.202
"MEF","replicate_1","IFNG",1,"ng/ml",15,2.251,0.4021,"no","bi-nuclear",3.2334,2.6721
"MEF","replicate_1","IFNG",1,"ng/ml",15,0.4139,2.685,"no","bi-nuclear",16.2517,13.9433
"MEF","replicate_1","IFNG",1,"ng/ml",15,0.2654,3.4492,"no","bi-nuclear",4.465,4.6822
"MEF","replicate_1","IFNG",1,"ng/ml",15,2.5089,0.4615,"no","bi-nuclear",11.0228,7.5559
"MEF","replicate_1","IFNG",1,"ng/ml",15,0.4554,2.743,"no","bi-nuclear",20.9025,16.1781
"MEF","replicate_1","IFNG",1,"ng/ml",15,0.4275,2.0373,"no","bi-nuclear",16.0242,14.025
"MEF","replicate_1","IFNG",1,"ng/ml",15,0.355,2.3868,"no","bi-nuclear",12.6626,15.7381
"MEF","replicate_1","IFNG",1,"ng/ml",15,2.275,0.3702,"no","bi-nuclear",5.9746,6.1642
"MEF","replicate_1","IFNG",1,"ng/ml",15,3.5214,0.5867,"no","bi-nuclear",25.2797,22.6346
"MEF","replicate_1","IFNG",1,"ng/ml",15,2.6952,0.2121,"no","bi-nuclear",7.6179,7.7362
"MEF","replicate_1","IFNG",1,"ng/ml",15,0.5297,2.3902,"no","bi-nuclear",14.594,10.489
"MEF","replicate_1","IFNG",1,"ng/ml",15,0.4294,1.6789,"no","bi-nuclear",15.8974,15.9503
"MEF","replicate_1","IFNG",1,"ng/ml",15,0.3644,1.8546,"no","bi-nuclear",4.8415,7.5527
"MEF","replicate_1","IFNG",1,"ng/ml",15,0.4749,2.1601,"no","bi-nuclear",10.7786,10.8513
"MEF","replicate_1","IFNG",1,"ng/ml",15,2.5109,0.4511,"no","bi-nuclear",10.275,7.2206
"MEF","replicate_1","IFNG",1,"ng/ml",15,0.4411,4.5242,"no","bi-nuclear",14.1285,9.4522
"MEF","replicate_1","IFNG",1,"ng/ml",15,2.6889,0.4738,"no","bi-nuclear",5.7617,5.2659
"MEF","replicate_1","IFNG",1,"ng/ml",15,0.3586,1.954,"no","bi-nuclear",5.9627,6.6483
"MEF","replicate_1","IFNG",1,"ng/ml",15,0.4293,2.0277,"no","bi-nuclear",7.9363,8.9572
"MEF","replicate_1","IFNG",1,"ng/ml",15,0.4468,3.8497,"no","bi-nuclear",11.9421,8.4566
"MEF","replicate_1","IFNG",1,"ng/ml",15,2.7052,0.5908,"no","bi-nuclear",26.0219,24.5999
"MEF","replicate_1","IFNG",1,"ng/ml",15,0.4173,2.2852,"no","bi-nuclear",3.8579,3.2077
"MEF","replicate_1","IFNG",1,"ng/ml",15,2.9686,0.4503,"no","bi-nuclear",15.6365,11.7266
"MEF","replicate_1","IFNG",1,"ng/ml",15,0.626,5.6572,"no","bi-nuclear",4.5956,2.4267
"MEF","replicate_1","IFNG",1,"ng/ml",15,0.3514,2.5674,"no","bi-nuclear",18.0062,15.0246
"MEF","replicate_1","IFNG",1,"ng/ml",15,3.3586,0.4466,"no","bi-nuclear",7.5501,6.2374
"MEF","replicate_1","IFNG",1,"ng/ml",15,3.2542,0.8129,"no","bi-nuclear",10.1229,4.811
"MEF","replicate_1","IFNG",1,"ng/ml",15,2.4133,0.4822,"no","bi-nuclear",14.6237,16.6341
"MEF","replicate_1","IFNG",1,"ng/ml",15,0.4415,1.6974,"no","bi-nuclear",17.2819,23.9357
"MEF","replicate_1","IFNG",1,"ng/ml",15,2.1234,0.4563,"no","bi-nuclear",10.2188,11.2963
"MEF","replicate_1","IFNG",1,"ng/ml",15,2.5208,0.274,"no","bi-nuclear",8.3157,8.7168
"MEF","replicate_1","IFNG",1,"ng/ml",15,0.4777,1.3832,"no","bi-nuclear",14.0012,11.7652
"MEF","replicate_1","IFNG",1,"ng/ml",15,2.659,0.3818,"no","bi-nuclear",6.9171,10.0856
"MEF","replicate_1","IFNG",1,"ng/ml",15,2.1369,0.5608,"no","bi-nuclear",20.4201,12.7955
"MEF","replicate_1","IFNG",1,"ng/ml",15,0.5135,3.8075,"no","bi-nuclear",25.6029,14.9669
"MEF","replicate_1","IFNG",1,"ng/ml",15,2.7008,0.404,"no","bi-nuclear",14.0654,11.9124
"MEF","replicate_1","IFNG",10,"ng/ml",15,0.4318,5.3738,"no","bi-nuclear",24.9118,22.7936
"MEF","replicate_1","IFNG",10,"ng/ml",15,0.4336,3.1293,"no","bi-nuclear",25.3484,30.1061
"MEF","replicate_1","IFNG",10,"ng/ml",15,2.0647,0.9287,"no","bi-nuclear",6.5442,8.2804
"MEF","replicate_1","IFNG",10,"ng/ml",15,0.4439,2.7243,"no","bi-nuclear",25.053,22.4764
"MEF","replicate_1","IFNG",10,"ng/ml",15,2.3204,0.5828,"no","bi-nuclear",14.8406,17.8793
"MEF","replicate_1","IFNG",10,"ng/ml",15,0.3514,5.1223,"no","bi-nuclear",9.5912,11.4883
"MEF","replicate_1","IFNG",10,"ng/ml",15,2.6205,0.7181,"no","bi-nuclear",9.2497,13.3837
"MEF","replicate_1","IFNG",10,"ng/ml",15,2.928,0.6268,"no","bi-nuclear",21.6683,17.8333
"MEF","replicate_1","IFNG",10,"ng/ml",15,3.3824,0.941,"no","bi-nuclear",37.9446,25.5498
"MEF","replicate_1","IFNG",10,"ng/ml",15,0.3938,1.8252,"no","bi-nuclear",21.4037,34.7017
"MEF","replicate_1","IFNG",10,"ng/ml",15,0.4615,3.202,"no","bi-nuclear",29.2877,29.8371
"MEF","replicate_1","IFNG",10,"ng/ml",15,0.328,2.8995,"no","bi-nuclear",8.1166,10.008
"MEF","replicate_1","IFNG",10,"ng/ml",15,0.3449,3.0683,"no","bi-nuclear",14.3403,19.0526
"MEF","replicate_1","IFNG",10,"ng/ml",15,3.7604,0.4714,"no","bi-nuclear",17.5435,15.4606
"MEF","replicate_1","IFNG",10,"ng/ml",15,3.0844,0.5385,"no","bi-nuclear",27.0165,15.5003
"MEF","replicate_1","IFNG",10,"ng/ml",15,2.3836,0.6939,"no","bi-nuclear",40.1997,36.194
"MEF","replicate_1","IFNG",10,"ng/ml",15,0.3702,1.2692,"no","bi-nuclear",36.7421,31.8454
"MEF","replicate_1","IFNG",10,"ng/ml",15,3.4169,0.6252,"no","bi-nuclear",29.4184,24.1251
"MEF","replicate_1","IFNG",10,"ng/ml",15,3.7459,0.4399,"no","bi-nuclear",10.3213,11.1972
"MEF","replicate_1","IFNG",10,"ng/ml",15,0.4719,1.6238,"no","bi-nuclear",2.5114,5.5032
"MEF","replicate_1","IFNG",10,"ng/ml",15,2.0798,0.5413,"no","bi-nuclear",18.7763,24.341
"MEF","replicate_1","IFNG",10,"ng/ml",15,2.0634,0.268,"no","bi-nuclear",6.9674,8.6333
"MEF","replicate_1","IFNG",10,"ng/ml",5,3.4018,0.5097,"no","bi-nuclear",13.07,4.9712
"MEF","replicate_1","IFNG",10,"ng/ml",5,4.1912,0.5422,"no","bi-nuclear",3.9613,3.6669
"MEF","replicate_1","IFNG",10,"ng/ml",5,0.3787,2.2213,"no","bi-nuclear",4.7517,4.3283
"MEF","replicate_1","IFNG",10,"ng/ml",5,2.1065,0.5037,"no","bi-nuclear",2.1352,2.2628
"MEF","replicate_1","IFNG",10,"ng/ml",5,3.0907,0.285,"no","bi-nuclear",6.6877,6.8798
"MEF","replicate_1","IFNG",10,"ng/ml",5,2.0848,0.107,"no","bi-nuclear",5.6392,5.6939
"MEF","replicate_1","IFNG",10,"ng/ml",5,2.4099,0.4594,"no","bi-nuclear",5.8958,6.0386
"MEF","replicate_1","IFNG",10,"ng/ml",5,2.0848,0.2356,"no","bi-nuclear",2.3657,2.3399
"MEF","replicate_1","IFNG",10,"ng/ml",5,3.14,0.6553,"no","bi-nuclear",4.1282,3.6766
"MEF","replicate_1","IFNG",10,"ng/ml",5,0.4198,1.5649,"no","bi-nuclear",6.3966,6.5187
"MEF","replicate_1","IFNG",10,"ng/ml",5,0.3642,2.9688,"no","bi-nuclear",4.6561,4.6142
"MEF","replicate_1","IFNG",10,"ng/ml",5,1.9017,0.4613,"no","bi-nuclear",5.8821,5.716
"MEF","replicate_1","IFNG",10,"ng/ml",5,3.6252,0.2643,"no","bi-nuclear",4.3092,4.4766
"MEF","replicate_1","IFNG",10,"ng/ml",5,3.149,0.5069,"no","bi-nuclear",3.949,3.5638
"MEF","replicate_1","IFNG",10,"ng/ml",5,2.5759,0.4366,"no","bi-nuclear",7.2548,6.2277
"MEF","replicate_1","IFNG",10,"ng/ml",5,0.3449,1.4551,"no","bi-nuclear",3.3568,3.9699
"MEF","replicate_1","IFNG",10,"ng/ml",5,0.3633,3.4221,"no","bi-nuclear",2.8357,2.6675
"MEF","replicate_1","IFNG",10,"ng/ml",5,0.421,3.72,"no","bi-nuclear",11.9117,10.9408
"MEF","replicate_1","IFNG",10,"ng/ml",5,0.3152,1.0758,"no","bi-nuclear",0.5176,0.6469
"MEF","replicate_1","IFNG",10,"ng/ml",5,2.9004,0.3981,"no","bi-nuclear",4.497,4.5108
"MEF","replicate_1","IFNG",10,"ng/ml",5,0.5195,3.4867,"no","bi-nuclear",7.7521,7.5124
"MEF","replicate_1","IFNG",10,"ng/ml",5,0.3917,1.3107,"no","bi-nuclear",4.4758,4.7994
"MEF","replicate_1","IFNG",10,"ng/ml",5,1.9147,0.5607,"no","bi-nuclear",9.8997,9.8075
"MEF","replicate_1","IFNG",10,"ng/ml",5,2.5193,0.5145,"no","bi-nuclear",1.7084,2.2248
"MEF","replicate_1","IFNG",10,"ng/ml",5,2.8341,0.3401,"no","bi-nuclear",15.4929,15.6038
"MEF","replicate_1","IFNG",10,"ng/ml",5,0.511,4.9628,"no","bi-nuclear",6.9306,6.1516
"MEF","replicate_1","IFNG",10,"ng/ml",5,3.4185,0.62,"no","bi-nuclear",21.8183,11.5206
"MEF","replicate_1","IFNG",10,"ng/ml",5,0.4279,5.4817,"no","bi-nuclear",3.8094,3.2386
"MEF","replicate_1","IFNG",10,"ng/ml",5,0.3581,1.6663,"no","bi-nuclear",4.6068,3.0634
"MEF","replicate_1","IFNG",10,"ng/ml",5,0.3165,2.9388,"no","bi-nuclear",2.5676,2.3919
"MEF","replicate_1","IFNG",10,"ng/ml",5,1.7464,0.3231,"no","bi-nuclear",8.1273,7.1121
"MEF","replicate_1","IFNG",10,"ng/ml",5,0.4403,2.9301,"no","bi-nuclear",1.8766,1.6689
"MEF","replicate_1","IFNG",10,"ng/ml",5,2.706,0.4424,"no","bi-nuclear",2.6007,2.38
"MEF","replicate_1","IFNG",10,"ng/ml",5,2.9339,0.6161,"no","bi-nuclear",5.9456,5.0481
"MEF","replicate_1","IFNG",10,"ng/ml",5,0.4087,2.9918,"no","bi-nuclear",5.8992,5.6618
"MEF","replicate_1","IFNG",10,"ng/ml",5,0.325,2.1986,"no","bi-nuclear",5.7047,6.7453
"MEF","replicate_1","IFNG",10,"ng/ml",5,0.4983,2.7761,"no","bi-nuclear",3.6703,3.0958
"MEF","replicate_1","IFNG",10,"ng/ml",5,0.3457,2.4877,"no","bi-nuclear",4.5056,4.29
"MEF","replicate_1","IFNG",10,"ng/ml",5,2.984,0.3909,"no","bi-nuclear",2.3836,1.683
"MEF","replicate_1","IFNG",10,"ng/ml",5,2.7895,0.276,"no","bi-nuclear",1.8369,1.2083
"MEF","replicate_1","IFNG",10,"ng/ml",5,0.4452,2.2005,"no","bi-nuclear",3.6526,3.3469
"MEF","replicate_1","IFNG",10,"ng/ml",5,0.4139,2.2583,"no","bi-nuclear",4.0565,4.1082
"MEF","replicate_1","IFNG",10,"ng/ml",5,0.3608,2.2334,"no","bi-nuclear",2.9728,3.0484
"MEF","replicate_1","IFNG",10,"ng/ml",5,2.7169,0.0485,"no","bi-nuclear",11.146,9.5819
"MEF","replicate_2","IFNG",0,"ng/ml",15,0.8435,0.7249,"yes","bi-nuclear",0.6453,0.9915
"MEF","replicate_2","IFNG",0,"ng/ml",15,0.4995,0.7644,"yes","bi-nuclear",1.4476,2.0361
"MEF","replicate_2","IFNG",0,"ng/ml",15,1.0523,0.7683,"yes","bi-nuclear",0.8482,0.8
"MEF","replicate_2","IFNG",0,"ng/ml",15,1.2181,1.0807,"yes","bi-nuclear",1.0532,0.7982
"MEF","replicate_2","IFNG",0,"ng/ml",15,0.9256,0.8486,"yes","bi-nuclear",0.5133,0.483
"MEF","replicate_2","IFNG",0,"ng/ml",15,1.1499,1.1613,"yes","bi-nuclear",0.6152,0.491
"MEF","replicate_2","IFNG",0,"ng/ml",15,0.975,1.182,"yes","bi-nuclear",1.0542,0.9611
"MEF","replicate_2","IFNG",0,"ng/ml",15,1.0729,0.8632,"yes","bi-nuclear",0.2161,0.2758
"MEF","replicate_2","IFNG",0,"ng/ml",15,1.1392,0.8217,"yes","bi-nuclear",0.6443,0.6963
"MEF","replicate_2","IFNG",0,"ng/ml",15,1.1074,1.2348,"yes","bi-nuclear",0.4481,0.3817
"MEF","replicate_2","IFNG",0.1,"ng/ml",15,0.8001,1.0814,"yes","bi-nuclear",2.1489,1.117
"MEF","replicate_2","IFNG",0.1,"ng/ml",15,1.0483,1.5025,"yes","bi-nuclear",2.6995,2.1573
"MEF","replicate_2","IFNG",0.1,"ng/ml",15,0.7817,0.9125,"yes","bi-nuclear",5.0689,2.176
"MEF","replicate_2","IFNG",1,"ng/ml",15,1.072,0.9372,"yes","bi-nuclear",19.5817,16.077
"MEF","replicate_2","IFNG",1,"ng/ml",15,0.8714,1.017,"yes","bi-nuclear",11.2065,10.3333
"MEF","replicate_2","IFNG",1,"ng/ml",15,0.9392,0.7685,"yes","bi-nuclear",11.798,12.3266
"MEF","replicate_2","IFNG",1,"ng/ml",15,0.754,0.9754,"yes","bi-nuclear",6.9546,5.9447
"MEF","replicate_2","IFNG",10,"ng/ml",15,1.2175,1.0854,"yes","bi-nuclear",19.4455,18.2026
"MEF","replicate_2","IFNG",10,"ng/ml",15,0.8785,0.8497,"yes","bi-nuclear",9.331,8.4157
"MEF","replicate_2","IFNG",10,"ng/ml",15,1.1529,1.2398,"yes","bi-nuclear",14.3716,15.2869
"MEF","replicate_2","IFNG",10,"ng/ml",15,1.3378,1.1044,"yes","bi-nuclear",16.3822,13.4516
"MEF","replicate_2","IFNG",10,"ng/ml",15,1.1053,1.4923,"yes","bi-nuclear",16.9242,14.2364
"MEF","replicate_2","IFNG",10,"ng/ml",15,0.6617,0.9419,"yes","bi-nuclear",11.069,12.8652
"MEF","replicate_2","IFNG",0.1,"ng/ml",15,0.8563,0.6886,"yes","bi-nuclear",7.8976,7.9568
"MEF","replicate_2","IFNG",0.1,"ng/ml",15,0.9908,0.9664,"yes","bi-nuclear",5.3222,5.4169
"MEF","replicate_2","IFNG",10,"ng/ml",15,0.7971,0.9484,"yes","bi-nuclear",6.7546,11.0588
"MEF","replicate_2","IFNG",10,"ng/ml",15,0.9828,0.933,"yes","bi-nuclear",8.4266,10.3438
"MEF","replicate_2","IFNG",10,"ng/ml",15,0.9828,1.295,"yes","bi-nuclear",19.5221,25.0452
"MEF","replicate_2","IFNG",10,"ng/ml",15,1.0037,1.1789,"yes","bi-nuclear",18.1699,20.0273
"MEF","replicate_2","IFNG",10,"ng/ml",15,0.8977,1.0006,"yes","bi-nuclear",29.9977,31.7316
"MEF","replicate_2","IFNG",10,"ng/ml",15,1.0424,0.8814,"yes","bi-nuclear",16.2356,15.2426
"MEF","replicate_2","IFNG",10,"ng/ml",5,0.9858,1.3144,"yes","bi-nuclear",4.9248,4.9377
"MEF","replicate_2","IFNG",10,"ng/ml",5,0.9666,1.0371,"yes","bi-nuclear",11.1836,10.461
"MEF","replicate_2","IFNG",0,"ng/ml",15,1.1287,1.1915,"yes","bi-nuclear",0.5695,0.5438
"MEF","replicate_2","IFNG",0,"ng/ml",15,0.7492,0.7116,"yes","bi-nuclear",0.2171,0.4732
"MEF","replicate_2","IFNG",0,"ng/ml",15,1.0543,1.1364,"yes","bi-nuclear",0.1485,0.0955
"MEF","replicate_2","IFNG",0.1,"ng/ml",15,1.0391,0.9165,"yes","bi-nuclear",6.1785,6.0413
"MEF","replicate_2","IFNG",0.1,"ng/ml",15,1.0133,0.8469,"yes","bi-nuclear",2.5092,2.1966
"MEF","replicate_2","IFNG",0.1,"ng/ml",15,0.8204,0.6979,"yes","bi-nuclear",1.4818,1.5859
"MEF","replicate_2","IFNG",1,"ng/ml",15,0.8437,1.0015,"yes","bi-nuclear",16.9505,17.8502
"MEF","replicate_2","IFNG",1,"ng/ml",15,1.1156,0.9262,"yes","bi-nuclear",32.4773,27.9863
"MEF","replicate_2","IFNG",1,"ng/ml",15,1.0321,1.3678,"yes","bi-nuclear",18.0681,16.0758
"MEF","replicate_2","IFNG",1,"ng/ml",15,0.8106,1.0089,"yes","bi-nuclear",28.0362,22.5334
"MEF","replicate_2","IFNG",10,"ng/ml",15,0.8394,0.5093,"yes","bi-nuclear",26.2773,40.0897
"MEF","replicate_2","IFNG",0.1,"ng/ml",15,0.9237,0.9909,"yes","bi-nuclear",4.5222,4.2454
"MEF","replicate_2","IFNG",1,"ng/ml",15,1.1819,1.0932,"yes","bi-nuclear",16.3201,16.1389
"MEF","replicate_2","IFNG",10,"ng/ml",15,1.0481,1.2423,"yes","bi-nuclear",9.8753,10.0936
"MEF","replicate_2","IFNG",10,"ng/ml",15,1.0542,1.158,"yes","bi-nuclear",18.9986,25.9812
"MEF","replicate_2","IFNG",0,"ng/ml",15,0.5354,1.7978,"no","bi-nuclear",1.028,0.9275
"MEF","replicate_2","IFNG",0,"ng/ml",15,2.0335,0.6559,"no","bi-nuclear",1.4643,0.7393
"MEF","replicate_2","IFNG",0,"ng/ml",15,1.6966,3.3085,"no","bi-nuclear",0.2906,0.2292
"MEF","replicate_2","IFNG",0,"ng/ml",15,0.4646,1.8447,"no","bi-nuclear",1.1915,1.2119
"MEF","replicate_2","IFNG",0,"ng/ml",15,0.5411,2.3636,"no","bi-nuclear",2.7029,0.9675
"MEF","replicate_2","IFNG",0,"ng/ml",15,1.7564,0.8957,"no","bi-nuclear",1.6478,1.432
"MEF","replicate_2","IFNG",0,"ng/ml",15,1.7182,0.5652,"no","bi-nuclear",0.283,0.3204
"MEF","replicate_2","IFNG",0.1,"ng/ml",15,0.4474,1.0962,"no","bi-nuclear",2.0255,3.5836
"MEF","replicate_2","IFNG",0.1,"ng/ml",15,0.5201,1.9374,"no","bi-nuclear",3.2505,3.9307
"MEF","replicate_2","IFNG",0.1,"ng/ml",15,0.5762,1.7894,"no","bi-nuclear",4.4017,3.4248
"MEF","replicate_2","IFNG",1,"ng/ml",15,0.4056,1.967,"no","bi-nuclear",34.8609,36.1833
"MEF","replicate_2","IFNG",1,"ng/ml",15,3.0118,0.5032,"no","bi-nuclear",11.9531,9.6881
"MEF","replicate_2","IFNG",1,"ng/ml",15,1.7903,0.6193,"no","bi-nuclear",8.75,10.5336
"MEF","replicate_2","IFNG",1,"ng/ml",15,0.4804,1.9275,"no","bi-nuclear",8.4719,6.5791
"MEF","replicate_2","IFNG",1,"ng/ml",15,2.3312,0.457,"no","bi-nuclear",4.1345,2.9062
"MEF","replicate_2","IFNG",1,"ng/ml",15,2.4051,0.5318,"no","bi-nuclear",9.6824,10.4473
"MEF","replicate_2","IFNG",1,"ng/ml",15,0.5882,1.5925,"no","bi-nuclear",19.3334,12.1701
"MEF","replicate_2","IFNG",10,"ng/ml",15,2.8556,0.5689,"no","bi-nuclear",24.6172,18.9207
"MEF","replicate_2","IFNG",10,"ng/ml",15,2.4273,0.608,"no","bi-nuclear",12.7176,11.3833
"MEF","replicate_2","IFNG",10,"ng/ml",15,2.9097,0.6564,"no","bi-nuclear",40.8149,33.9333
"MEF","replicate_2","IFNG",10,"ng/ml",15,0.5217,2.9889,"no","bi-nuclear",12.4204,11.1425
"MEF","replicate_2","IFNG",0.1,"ng/ml",15,2.0005,0.5305,"no","bi-nuclear",1.0119,0.8515
"MEF","replicate_2","IFNG",10,"ng/ml",15,5.2208,0.2074,"no","bi-nuclear",22.3008,19.1738
"MEF","replicate_2","IFNG",10,"ng/ml",15,4.7494,0.1086,"no","bi-nuclear",19.2587,27.351
"MEF","replicate_2","IFNG",10,"ng/ml",15,0.4842,1.7209,"no","bi-nuclear",5.3747,8.6817
"MEF","replicate_2","IFNG",10,"ng/ml",15,2.0996,0.3587,"no","bi-nuclear",29.5585,28.4448
"MEF","replicate_2","IFNG",10,"ng/ml",15,2.1625,0.8192,"no","bi-nuclear",49.0242,43.6717
"MEF","replicate_2","IFNG",10,"ng/ml",15,2.0664,0.2764,"no","bi-nuclear",32.4371,25.4372
"MEF","replicate_2","IFNG",10,"ng/ml",5,2.6436,0.5295,"no","bi-nuclear",4.8482,3.1661
"MEF","replicate_2","IFNG",10,"ng/ml",5,2.6431,0.5133,"no","bi-nuclear",3.445,3.2539
"MEF","replicate_2","IFNG",10,"ng/ml",5,0.4935,1.691,"no","bi-nuclear",11.3941,7.6011
"MEF","replicate_2","IFNG",10,"ng/ml",5,0.5657,3.3662,"no","bi-nuclear",4.8216,3.153
"MEF","replicate_2","IFNG",10,"ng/ml",5,2.0063,0.5235,"no","bi-nuclear",5.7786,4.9767
"MEF","replicate_2","IFNG",10,"ng/ml",5,2.1573,0.6581,"no","bi-nuclear",2.9439,2.8109
"MEF","replicate_2","IFNG",10,"ng/ml",5,2.6698,0.807,"no","bi-nuclear",4.8964,4.3718
"MEF","replicate_2","IFNG",10,"ng/ml",5,1.8486,0.3988,"no","bi-nuclear",0.9143,1.0966
"MEF","replicate_2","IFNG",0,"ng/ml",15,0.8069,2.2943,"no","bi-nuclear",0.3682,0.4259
"MEF","replicate_2","IFNG",0,"ng/ml",15,0.3555,1.6443,"no","bi-nuclear",0.8894,1.975
"MEF","replicate_2","IFNG",0,"ng/ml",15,1.843,0.6465,"no","bi-nuclear",0.7988,0.8511
"MEF","replicate_2","IFNG",0,"ng/ml",15,0.4573,1.8337,"no","bi-nuclear",0.8967,1.3588
"MEF","replicate_2","IFNG",0.1,"ng/ml",15,0.418,1.6529,"no","bi-nuclear",3.09,4.4611
"MEF","replicate_2","IFNG",0.1,"ng/ml",15,2.1301,1.115,"no","bi-nuclear",1.9969,2.1046
"MEF","replicate_2","IFNG",0.1,"ng/ml",15,2.0955,0.5414,"no","bi-nuclear",1.843,1.9778
"MEF","replicate_2","IFNG",1,"ng/ml",15,0.6376,1.4829,"no","bi-nuclear",23.4988,19.5863
"MEF","replicate_2","IFNG",1,"ng/ml",15,2.5791,0.5654,"no","bi-nuclear",32.5072,18.1345
"MEF","replicate_2","IFNG",10,"ng/ml",15,1.685,0.6398,"no","bi-nuclear",49.2544,59.1514
"MEF","replicate_2","IFNG",10,"ng/ml",15,0.4927,2.9121,"no","bi-nuclear",1.2883,1.5898
"MEF","replicate_2","IFNG",10,"ng/ml",15,0.399,1.935,"no","bi-nuclear",2.2301,2.3074
"MEF","replicate_2","IFNG",0.1,"ng/ml",15,0.4941,1.7155,"no","bi-nuclear",3.4788,3.0156
"MEF","replicate_2","IFNG",1,"ng/ml",15,2.1841,0.5329,"no","bi-nuclear",12.6829,12.0227
"MEF","replicate_2","IFNG",1,"ng/ml",15,3.176,0.4606,"no","bi-nuclear",3.2383,2.2075
"MEF","replicate_2","IFNG",10,"ng/ml",15,2.1056,0.776,"no","bi-nuclear",12.7942,10.7125
"MEF","replicate_2","IFNG",10,"ng/ml",15,0.8168,2.416,"no","bi-nuclear",20.5455,17.314
"MEF","replicate_2","IFNG",10,"ng/ml",15,2.7337,0.7067,"no","bi-nuclear",19.0405,18.7462
"MEF","replicate_2","IFNG",10,"ng/ml",15,0.6485,30.7258,"no","bi-nuclear",33.7225,24.9051
"MEF","replicate_2","IFNG",10,"ng/ml",5,0.4655,1.9894,"no","bi-nuclear",2.2902,1.8098
"MEF","replicate_2","IFNG",10,"ng/ml",5,0.4727,1.4578,"no","bi-nuclear",5.0951,5.9201
"MEF","replicate_2","IFNG",10,"ng/ml",5,0.5195,1.7926,"no","bi-nuclear",10.3236,10.8302
"MEF","replicate_2","IFNG",10,"ng/ml",5,0.4915,3.2617,"no","bi-nuclear",3.9235,2.4942
"MEF","replicate_2","IFNG",10,"ng/ml",5,2.1114,0.5777,"no","bi-nuclear",3.2512,1.8057
"MEF","replicate_2","IFNG",10,"ng/ml",5,2.3543,0.6566,"no","bi-nuclear",3.6634,4.4997
"BJ","replicate_1","OSM",0,"ng/ml",30,0.2124,0.6989,"yes","bi-nuclear",0.4115,0.8602
"BJ","replicate_1","OSM",1,"ng/ml",30,0.4502,0.8205,"yes","bi-nuclear",11.5526,9.2034
"BJ","replicate_1","OSM",10,"ng/ml",30,0.4775,0.9391,"yes","bi-nuclear",15.6958,18.5603
"BJ","replicate_1","OSM",10,"ng/ml",5,1.1088,0.7398,"yes","bi-nuclear",7.5251,12.1035
"BJ","replicate_1","OSM",10,"ng/ml",5,0.9511,1.3357,"yes","bi-nuclear",7.5149,11.9526
"BJ","replicate_1","OSM",0,"ng/ml",30,0.3802,1.6136,"no","bi-nuclear",1.5014,1.5246
"BJ","replicate_1","OSM",0,"ng/ml",30,3.0496,1.2546,"no","bi-nuclear",0.2473,0.2333
"BJ","replicate_1","OSM",0,"ng/ml",30,1.9301,0.4301,"no","bi-nuclear",1.5793,1.6153
"BJ","replicate_1","OSM",0,"ng/ml",30,0.3416,1.3878,"no","bi-nuclear",1.7761,2.0739
"BJ","replicate_1","OSM",0,"ng/ml",30,0.5784,1.2586,"no","bi-nuclear",1.4794,1.6467
"BJ","replicate_1","OSM",0,"ng/ml",30,2.8403,0.7651,"no","bi-nuclear",1.0841,1.1058
"BJ","replicate_1","OSM",0,"ng/ml",30,1.748,0.4096,"no","bi-nuclear",0.82,1.2658
"BJ","replicate_1","OSM",0,"ng/ml",30,3.4467,0.44,"no","bi-nuclear",0.7226,0.5524
"BJ","replicate_1","OSM",0,"ng/ml",30,0.4366,1.3097,"no","bi-nuclear",2.0558,1.5761
"BJ","replicate_1","OSM",0,"ng/ml",30,1.7343,0.3914,"no","bi-nuclear",1.5327,1.6299
"BJ","replicate_1","OSM",0,"ng/ml",30,1.491,0.3768,"no","bi-nuclear",0.7953,1.0849
"BJ","replicate_1","OSM",0,"ng/ml",30,2.8476,0.6418,"no","bi-nuclear",1.497,1.4621
"BJ","replicate_1","OSM",0,"ng/ml",30,2.6149,0.6498,"no","bi-nuclear",0.0452,0.0575
"BJ","replicate_1","OSM",0,"ng/ml",30,0.6862,4.7641,"no","bi-nuclear",0.862,0.4193
"BJ","replicate_1","OSM",0,"ng/ml",30,7.997,0.5764,"no","bi-nuclear",0.0499,0.0166
"BJ","replicate_1","OSM",0,"ng/ml",30,3.9145,0.7529,"no","bi-nuclear",0.0279,0.0387
"BJ","replicate_1","OSM",0,"ng/ml",30,3.6489,0.9316,"no","bi-nuclear",0.542,0.4856
"BJ","replicate_1","OSM",0,"ng/ml",30,0.4572,2.4547,"no","bi-nuclear",0.1983,0.1521
"BJ","replicate_1","OSM",0,"ng/ml",30,2.509,0.3937,"no","bi-nuclear",0.5263,0.85
"BJ","replicate_1","OSM",0,"ng/ml",30,0.5787,3.1078,"no","bi-nuclear",0.0929,0.0585
"BJ","replicate_1","OSM",0,"ng/ml",30,0.4659,1.9823,"no","bi-nuclear",1.9232,1.5427
"BJ","replicate_1","OSM",0,"ng/ml",30,2.0794,0.408,"no","bi-nuclear",0.5301,0.6245
"BJ","replicate_1","OSM",0,"ng/ml",30,2.7115,0.4724,"no","bi-nuclear",0.1913,0.0642
"BJ","replicate_1","OSM",0,"ng/ml",30,2.8536,0.5358,"no","bi-nuclear",1.2022,0.8595
"BJ","replicate_1","OSM",0,"ng/ml",30,2.1074,0.3507,"no","bi-nuclear",1.4344,1.468
"BJ","replicate_1","OSM",0,"ng/ml",30,0.3978,1.8472,"no","bi-nuclear",1.4304,1.4266
"BJ","replicate_1","OSM",0,"ng/ml",30,0.6564,2.3109,"no","bi-nuclear",0.5633,0.3178
"BJ","replicate_1","OSM",0,"ng/ml",30,0.2528,1.0924,"no","bi-nuclear",0.4625,0.6978
"BJ","replicate_1","OSM",0,"ng/ml",30,1.8821,0.5504,"no","bi-nuclear",1.962,2.0854
"BJ","replicate_1","OSM",0,"ng/ml",30,2.0253,0.4702,"no","bi-nuclear",1.4634,1.3916
"BJ","replicate_1","OSM",0,"ng/ml",30,2.3751,0.3678,"no","bi-nuclear",1.0664,1.0581
"BJ","replicate_1","OSM",0,"ng/ml",30,2.6954,0.5593,"no","bi-nuclear",0.2909,0.2337
"BJ","replicate_1","OSM",0,"ng/ml",30,1.9943,0.5457,"no","bi-nuclear",0.5726,0.5642
"BJ","replicate_1","OSM",0,"ng/ml",30,3.1129,0.5721,"no","bi-nuclear",1.4907,1.618
"BJ","replicate_1","OSM",0,"ng/ml",30,2.9869,0.6609,"no","bi-nuclear",0.5344,0.2115
"BJ","replicate_1","OSM",0,"ng/ml",30,1.6638,0.5336,"no","bi-nuclear",0.985,1.0961
"BJ","replicate_1","OSM",0,"ng/ml",30,3.1024,0.8456,"no","bi-nuclear",0.1833,0.5684
"BJ","replicate_1","OSM",0,"ng/ml",30,0.3881,2.2746,"no","bi-nuclear",0.9648,0.8872
"BJ","replicate_1","OSM",0,"ng/ml",30,0.4015,2.2319,"no","bi-nuclear",1.0333,0.8775
"BJ","replicate_1","OSM",0,"ng/ml",30,0.4245,1.9182,"no","bi-nuclear",1.4148,1.5346
"BJ","replicate_1","OSM",0,"ng/ml",30,0.5708,1.5678,"no","bi-nuclear",1.6909,1.6628
"BJ","replicate_1","OSM",0,"ng/ml",30,2.0334,0.5161,"no","bi-nuclear",0.9024,0.6843
"BJ","replicate_1","OSM",0,"ng/ml",30,0.4372,1.6942,"no","bi-nuclear",1.8568,1.5386
"BJ","replicate_1","OSM",0,"ng/ml",30,0.3719,1.5845,"no","bi-nuclear",1.6862,1.6456
"BJ","replicate_1","OSM",0,"ng/ml",30,0.6266,2.1529,"no","bi-nuclear",0.2368,0.1313
"BJ","replicate_1","OSM",0,"ng/ml",30,0.3952,2.4796,"no","bi-nuclear",0.9413,0.9112
"BJ","replicate_1","OSM",0,"ng/ml",30,3.7036,0.7231,"no","bi-nuclear",0.1873,0.0873
"BJ","replicate_1","OSM",0,"ng/ml",30,0.496,2.2774,"no","bi-nuclear",2.9939,2.4651
"BJ","replicate_1","OSM",0,"ng/ml",30,2.5541,0.691,"no","bi-nuclear",0.3814,0.4873
"BJ","replicate_1","OSM",0,"ng/ml",30,0.4346,1.7223,"no","bi-nuclear",1.6282,1.5813
"BJ","replicate_1","OSM",0,"ng/ml",30,0.3902,1.8082,"no","bi-nuclear",1.4123,1.4031
"BJ","replicate_1","OSM",0,"ng/ml",30,4.689,0.6324,"no","bi-nuclear",0.3771,0.2108
"BJ","replicate_1","OSM",0,"ng/ml",30,0.4545,2.119,"no","bi-nuclear",1.5776,1.5029
"BJ","replicate_1","OSM",0,"ng/ml",30,2.5602,0.8513,"no","bi-nuclear",1.3777,1.4983
"BJ","replicate_1","OSM",0,"ng/ml",30,0.8495,3.9275,"no","bi-nuclear",1.1601,0.4641
"BJ","replicate_1","OSM",0,"ng/ml",30,2.3056,0.6241,"no","bi-nuclear",1.2209,1.3125
"BJ","replicate_1","OSM",0,"ng/ml",30,3.9483,0.9528,"no","bi-nuclear",0.8922,0.6671
"BJ","replicate_1","OSM",0,"ng/ml",30,0.5658,2.3722,"no","bi-nuclear",0.9409,0.64
"BJ","replicate_1","OSM",0,"ng/ml",30,2.5971,0.594,"no","bi-nuclear",1.673,1.9644
"BJ","replicate_1","OSM",0,"ng/ml",30,0.3835,1.4748,"no","bi-nuclear",0.9257,0.9681
"BJ","replicate_1","OSM",0.1,"ng/ml",30,2.9187,0.7885,"no","bi-nuclear",4.7828,3.8898
"BJ","replicate_1","OSM",0.1,"ng/ml",30,2.3303,0.5188,"no","bi-nuclear",2.1549,2.3438
"BJ","replicate_1","OSM",0.1,"ng/ml",30,0.4329,2.681,"no","bi-nuclear",1.936,2.5397
"BJ","replicate_1","OSM",0.1,"ng/ml",30,0.3691,1.6512,"no","bi-nuclear",0.7147,0.8747
"BJ","replicate_1","OSM",0.1,"ng/ml",30,0.3379,1.2411,"no","bi-nuclear",2.9571,3.1434
"BJ","replicate_1","OSM",0.1,"ng/ml",30,0.283,1.5211,"no","bi-nuclear",1.9245,2.0579
"BJ","replicate_1","OSM",0.1,"ng/ml",30,1.9959,0.5096,"no","bi-nuclear",1.1854,1.9195
"BJ","replicate_1","OSM",0.1,"ng/ml",30,0.3928,1.843,"no","bi-nuclear",1.2379,1.158
"BJ","replicate_1","OSM",0.1,"ng/ml",30,0.3692,1.4352,"no","bi-nuclear",1.9143,1.7196
"BJ","replicate_1","OSM",0.1,"ng/ml",30,3.1646,0.7311,"no","bi-nuclear",1.9154,1.6754
"BJ","replicate_1","OSM",0.1,"ng/ml",30,0.6328,1.4465,"no","bi-nuclear",1.0835,0.7869
"BJ","replicate_1","OSM",0.1,"ng/ml",30,1.6487,0.3536,"no","bi-nuclear",0.9472,1.7511
"BJ","replicate_1","OSM",0.1,"ng/ml",30,0.2507,1.6868,"no","bi-nuclear",2.2067,2.9385
"BJ","replicate_1","OSM",0.1,"ng/ml",30,0.3687,1.1158,"no","bi-nuclear",0.5619,0.6732
"BJ","replicate_1","OSM",0.1,"ng/ml",30,2.4469,0.6047,"no","bi-nuclear",2.6177,1.8098
"BJ","replicate_1","OSM",0.1,"ng/ml",30,0.4203,1.0417,"no","bi-nuclear",2.3124,2.224
"BJ","replicate_1","OSM",0.1,"ng/ml",30,0.3289,0.991,"no","bi-nuclear",1.2353,1.2647
"BJ","replicate_1","OSM",0.1,"ng/ml",30,2.8732,0.4642,"no","bi-nuclear",1.8169,2.1906
"BJ","replicate_1","OSM",0.1,"ng/ml",30,0.4411,1.1612,"no","bi-nuclear",1.6528,1.7233
"BJ","replicate_1","OSM",0.1,"ng/ml",30,2.0517,0.6849,"no","bi-nuclear",2.2107,2.2095
"BJ","replicate_1","OSM",0.1,"ng/ml",30,0.6324,2.647,"no","bi-nuclear",0.3041,0.2579
"BJ","replicate_1","OSM",0.1,"ng/ml",30,0.6671,2.558,"no","bi-nuclear",0.7078,0.1113
"BJ","replicate_1","OSM",0.1,"ng/ml",30,0.3239,1.4604,"no","bi-nuclear",6.1971,6.4128
"BJ","replicate_1","OSM",0.1,"ng/ml",30,3.3007,1.0069,"no","bi-nuclear",1.2217,0.938
"BJ","replicate_1","OSM",0.1,"ng/ml",30,1.6494,0.4999,"no","bi-nuclear",2.0172,2.1343
"BJ","replicate_1","OSM",0.1,"ng/ml",30,2.8792,0.5067,"no","bi-nuclear",2.4797,2.3528
"BJ","replicate_1","OSM",0.1,"ng/ml",30,2.5472,0.7152,"no","bi-nuclear",3.2581,2.2066
"BJ","replicate_1","OSM",1,"ng/ml",30,1.8048,0.2927,"no","bi-nuclear",3.3642,4.584
"BJ","replicate_1","OSM",1,"ng/ml",30,1.8209,0.5895,"no","bi-nuclear",7.8917,6.1693
"BJ","replicate_1","OSM",1,"ng/ml",30,0.2811,1.326,"no","bi-nuclear",5.4205,8.1583
"BJ","replicate_1","OSM",1,"ng/ml",30,0.3433,1.7321,"no","bi-nuclear",5.9081,7.765
"BJ","replicate_1","OSM",1,"ng/ml",30,0.2971,1.2807,"no","bi-nuclear",7.302,14.1752
"BJ","replicate_1","OSM",1,"ng/ml",30,2.7496,0.7843,"no","bi-nuclear",11.5306,8.9089
"BJ","replicate_1","OSM",1,"ng/ml",30,0.4621,1.1531,"no","bi-nuclear",10.2549,7.2273
"BJ","replicate_1","OSM",1,"ng/ml",30,2.0062,0.6801,"no","bi-nuclear",16.4028,19.427
"BJ","replicate_1","OSM",1,"ng/ml",30,2.6963,0.5898,"no","bi-nuclear",13.5447,16.018
"BJ","replicate_1","OSM",1,"ng/ml",30,2.9751,0.7972,"no","bi-nuclear",13.9409,13.2207
"BJ","replicate_1","OSM",1,"ng/ml",30,0.3361,1.7744,"no","bi-nuclear",4.4551,5.799
"BJ","replicate_1","OSM",1,"ng/ml",30,0.5989,2.5116,"no","bi-nuclear",5.4527,6.1611
"BJ","replicate_1","OSM",1,"ng/ml",30,2.1489,0.4577,"no","bi-nuclear",4.935,5.3925
"BJ","replicate_1","OSM",1,"ng/ml",30,0.4247,1.7514,"no","bi-nuclear",4.045,4.5212
"BJ","replicate_1","OSM",1,"ng/ml",30,0.4132,1.3238,"no","bi-nuclear",4.1357,3.8441
"BJ","replicate_1","OSM",1,"ng/ml",30,3.5007,0.4664,"no","bi-nuclear",3.3416,2.1987
"BJ","replicate_1","OSM",1,"ng/ml",30,0.4388,1.6883,"no","bi-nuclear",13.7378,17.0995
"BJ","replicate_1","OSM",1,"ng/ml",30,2.3021,0.7075,"no","bi-nuclear",13.3187,16.3389
"BJ","replicate_1","OSM",1,"ng/ml",30,0.2015,1.439,"no","bi-nuclear",3.4674,3.5152
"BJ","replicate_1","OSM",1,"ng/ml",30,3.9064,0.6953,"no","bi-nuclear",10.2778,9.6767
"BJ","replicate_1","OSM",1,"ng/ml",30,1.4854,0.4615,"no","bi-nuclear",7.6377,6.7928
"BJ","replicate_1","OSM",1,"ng/ml",30,0.4092,1.4437,"no","bi-nuclear",3.0919,2.361
"BJ","replicate_1","OSM",1,"ng/ml",30,0.5454,1.864,"no","bi-nuclear",18.4504,12.1148
"BJ","replicate_1","OSM",1,"ng/ml",30,2.5913,0.5499,"no","bi-nuclear",6.3442,8.1614
"BJ","replicate_1","OSM",1,"ng/ml",30,2.285,0.7552,"no","bi-nuclear",9.5727,7.1137
"BJ","replicate_1","OSM",1,"ng/ml",30,0.2829,2.1584,"no","bi-nuclear",2.0072,3.1915
"BJ","replicate_1","OSM",1,"ng/ml",30,1.7386,0.4968,"no","bi-nuclear",4.4977,6.9413
"BJ","replicate_1","OSM",1,"ng/ml",30,2.6612,0.4988,"no","bi-nuclear",2.9242,3.6571
"BJ","replicate_1","OSM",1,"ng/ml",30,0.3722,2.7457,"no","bi-nuclear",3.5169,3.7367
"BJ","replicate_1","OSM",1,"ng/ml",30,3.1328,0.7534,"no","bi-nuclear",5.6554,3.6712
"BJ","replicate_1","OSM",1,"ng/ml",30,0.5141,1.9763,"no","bi-nuclear",2.1263,2.2449
"BJ","replicate_1","OSM",1,"ng/ml",30,3.4452,0.6348,"no","bi-nuclear",3.6279,4.518
"BJ","replicate_1","OSM",1,"ng/ml",30,1.9482,0.4041,"no","bi-nuclear",3.7463,6.6999
"BJ","replicate_1","OSM",1,"ng/ml",30,1.9714,0.5066,"no","bi-nuclear",7.9682,8.2428
"BJ","replicate_1","OSM",1,"ng/ml",30,0.2967,1.6544,"no","bi-nuclear",3.0399,4.7624
"BJ","replicate_1","OSM",1,"ng/ml",30,1.9334,0.6295,"no","bi-nuclear",5.2628,4.2024
"BJ","replicate_1","OSM",1,"ng/ml",30,2.4198,0.5036,"no","bi-nuclear",3.8774,6.4339
"BJ","replicate_1","OSM",1,"ng/ml",30,2.9127,0.589,"no","bi-nuclear",7.9717,5.1465
"BJ","replicate_1","OSM",1,"ng/ml",30,2.4331,0.5709,"no","bi-nuclear",3.6624,5.1171
"BJ","replicate_1","OSM",1,"ng/ml",30,0.481,1.97,"no","bi-nuclear",10.2228,12.0355
"BJ","replicate_1","OSM",10,"ng/ml",30,2.912,0.6485,"no","bi-nuclear",6.6307,7.875
"BJ","replicate_1","OSM",10,"ng/ml",30,0.367,1.3712,"no","bi-nuclear",11.0474,10.5648
"BJ","replicate_1","OSM",10,"ng/ml",30,2.701,0.5752,"no","bi-nuclear",5.3879,5.6064
"BJ","replicate_1","OSM",10,"ng/ml",30,0.3864,1.7359,"no","bi-nuclear",17.1793,21.8386
"BJ","replicate_1","OSM",10,"ng/ml",30,3.0664,0.5122,"no","bi-nuclear",20.8584,23.6855
"BJ","replicate_1","OSM",10,"ng/ml",30,0.523,1.8335,"no","bi-nuclear",21.4594,20.7673
"BJ","replicate_1","OSM",10,"ng/ml",30,1.8679,0.4886,"no","bi-nuclear",19.9493,18.8039
"BJ","replicate_1","OSM",10,"ng/ml",30,0.4621,1.7924,"no","bi-nuclear",12.4263,14.5689
"BJ","replicate_1","OSM",10,"ng/ml",30,2.8711,0.6039,"no","bi-nuclear",17.7905,9.9589
"BJ","replicate_1","OSM",10,"ng/ml",30,0.3838,1.6031,"no","bi-nuclear",8.2397,11.3192
"BJ","replicate_1","OSM",10,"ng/ml",30,0.2924,1.6576,"no","bi-nuclear",17.2744,21.0621
"BJ","replicate_1","OSM",10,"ng/ml",30,0.3788,1.9519,"no","bi-nuclear",24.7382,26.9911
"BJ","replicate_1","OSM",10,"ng/ml",30,1.3705,0.2144,"no","bi-nuclear",10.4469,15.1431
"BJ","replicate_1","OSM",10,"ng/ml",30,2.5511,0.4826,"no","bi-nuclear",20.7218,14.6988
"BJ","replicate_1","OSM",10,"ng/ml",30,0.5031,1.4489,"no","bi-nuclear",18.804,16.4932
"BJ","replicate_1","OSM",10,"ng/ml",30,2.5351,0.5014,"no","bi-nuclear",23.5971,22.1765
"BJ","replicate_1","OSM",10,"ng/ml",30,2.1531,0.4334,"no","bi-nuclear",21.5536,25.6522
"BJ","replicate_1","OSM",10,"ng/ml",30,3.5893,0.5798,"no","bi-nuclear",21.5239,15.6122
"BJ","replicate_1","OSM",10,"ng/ml",30,1.4478,0.3983,"no","bi-nuclear",14.4594,15.3556
"BJ","replicate_1","OSM",10,"ng/ml",30,0.3778,1.9029,"no","bi-nuclear",8.1924,7.0882
"BJ","replicate_1","OSM",10,"ng/ml",30,0.3976,1.9034,"no","bi-nuclear",11.9694,12.079
"BJ","replicate_1","OSM",10,"ng/ml",30,0.4295,1.6381,"no","bi-nuclear",15.631,12.3659
"BJ","replicate_1","OSM",10,"ng/ml",30,0.5813,1.9199,"no","bi-nuclear",19.3902,13.9595
"BJ","replicate_1","OSM",10,"ng/ml",30,0.4674,1.4534,"no","bi-nuclear",17.3805,13.2116
"BJ","replicate_1","OSM",10,"ng/ml",30,0.4959,1.6925,"no","bi-nuclear",14.1006,8.3388
"BJ","replicate_1","OSM",10,"ng/ml",30,3.0191,0.6212,"no","bi-nuclear",6.0382,9.668
"BJ","replicate_1","OSM",10,"ng/ml",30,1.2225,0.4584,"no","bi-nuclear",6.5365,12.7287
"BJ","replicate_1","OSM",10,"ng/ml",30,3.0545,0.7192,"no","bi-nuclear",17.2008,11.7459
"BJ","replicate_1","OSM",10,"ng/ml",30,1.8416,0.4981,"no","bi-nuclear",10.156,12.7891
"BJ","replicate_1","OSM",10,"ng/ml",30,0.3381,2.0572,"no","bi-nuclear",18.2121,16.5464
"BJ","replicate_1","OSM",10,"ng/ml",30,0.5092,1.8905,"no","bi-nuclear",23.2944,19.7188
"BJ","replicate_1","OSM",10,"ng/ml",30,2.0714,0.3776,"no","bi-nuclear",6.714,5.1799
"BJ","replicate_1","OSM",10,"ng/ml",30,2.8004,0.4728,"no","bi-nuclear",19.5887,17.4727
"BJ","replicate_1","OSM",10,"ng/ml",30,2.5754,0.5565,"no","bi-nuclear",26.8982,22.7129
"BJ","replicate_1","OSM",10,"ng/ml",30,0.3218,1.5765,"no","bi-nuclear",18.2032,29.0773
"BJ","replicate_1","OSM",0.1,"ng/ml",30,0.3566,1.5601,"no","bi-nuclear",0.8442,1.0164
"BJ","replicate_1","OSM",0.1,"ng/ml",30,0.5406,2.1727,"no","bi-nuclear",2.1242,1.0789
"BJ","replicate_1","OSM",0.1,"ng/ml",30,0.4469,2.0675,"no","bi-nuclear",2.2644,2.4902
"BJ","replicate_1","OSM",0.1,"ng/ml",30,0.3588,1.8779,"no","bi-nuclear",1.8431,2.6407
"BJ","replicate_1","OSM",0.1,"ng/ml",30,0.3898,1.807,"no","bi-nuclear",1.4723,1.749
"BJ","replicate_1","OSM",0.1,"ng/ml",30,3.5695,0.7368,"no","bi-nuclear",1.1714,1.1225
"BJ","replicate_1","OSM",0.1,"ng/ml",30,0.4184,1.9675,"no","bi-nuclear",1.7773,1.587
"BJ","replicate_1","OSM",0.1,"ng/ml",30,0.6195,1.707,"no","bi-nuclear",0.6974,0.5889
"BJ","replicate_1","OSM",0.1,"ng/ml",30,0.3542,1.8523,"no","bi-nuclear",0.5257,0.3279
"BJ","replicate_1","OSM",0.1,"ng/ml",30,1.5738,0.3766,"no","bi-nuclear",1.5474,2.8536
"BJ","replicate_1","OSM",0.1,"ng/ml",30,2.5506,0.5167,"no","bi-nuclear",1.9336,1.9306
"BJ","replicate_1","OSM",0.1,"ng/ml",30,2.6019,0.5581,"no","bi-nuclear",1.9114,2.4652
"BJ","replicate_1","OSM",0.1,"ng/ml",30,0.3956,2.023,"no","bi-nuclear",1.5706,1.5136
"BJ","replicate_1","OSM",0.1,"ng/ml",30,2.4756,0.5699,"no","bi-nuclear",2.6649,3.6414
"BJ","replicate_1","OSM",0.1,"ng/ml",30,2.5844,0.4341,"no","bi-nuclear",0.5009,0.3948
"BJ","replicate_1","OSM",0.1,"ng/ml",30,2.972,0.6126,"no","bi-nuclear",3.3281,2.5663
"BJ","replicate_1","OSM",0.1,"ng/ml",30,0.4702,2.2712,"no","bi-nuclear",0.9472,0.7261
"BJ","replicate_1","OSM",0.1,"ng/ml",30,0.5574,2.179,"no","bi-nuclear",1.4434,1.2725
"BJ","replicate_1","OSM",0.1,"ng/ml",30,1.6532,0.6295,"no","bi-nuclear",1.5065,1.9206
"BJ","replicate_1","OSM",0.1,"ng/ml",30,0.3941,1.2145,"no","bi-nuclear",0.8252,0.9455
"BJ","replicate_1","OSM",0.1,"ng/ml",30,2.619,0.6774,"no","bi-nuclear",1.7413,1.8329
"BJ","replicate_1","OSM",0.1,"ng/ml",30,2.7984,0.7152,"no","bi-nuclear",1.4734,2.0459
"BJ","replicate_1","OSM",0.1,"ng/ml",30,0.3112,1.2221,"no","bi-nuclear",1.2261,1.8811
"BJ","replicate_1","OSM",0.1,"ng/ml",30,0.4695,2.193,"no","bi-nuclear",3.4518,2.2365
"BJ","replicate_1","OSM",0.1,"ng/ml",30,3.0483,0.5742,"no","bi-nuclear",2.8982,1.8535
"BJ","replicate_1","OSM",0.1,"ng/ml",30,0.3959,1.645,"no","bi-nuclear",0.6745,0.8127
"BJ","replicate_1","OSM",0.1,"ng/ml",30,2.6373,0.66,"no","bi-nuclear",0.8444,0.7564
"BJ","replicate_1","OSM",0.1,"ng/ml",30,0.4769,1.9216,"no","bi-nuclear",3.7565,3.4504
"BJ","replicate_1","OSM",0.1,"ng/ml",30,0.3588,1.7618,"no","bi-nuclear",2.9226,3.0967
"BJ","replicate_1","OSM",0.1,"ng/ml",30,1.9624,0.5906,"no","bi-nuclear",0.5965,0.6209
"BJ","replicate_1","OSM",0.1,"ng/ml",30,0.4641,1.7837,"no","bi-nuclear",1.4408,1.5031
"BJ","replicate_1","OSM",0.1,"ng/ml",30,0.2802,1.1245,"no","bi-nuclear",0.2695,0.4599
"BJ","replicate_1","OSM",0.1,"ng/ml",30,2.5726,0.6598,"no","bi-nuclear",2.9795,2.06
"BJ","replicate_1","OSM",1,"ng/ml",30,2.0662,0.4598,"no","bi-nuclear",8.0542,10.6522
"BJ","replicate_1","OSM",1,"ng/ml",30,2.6514,0.5535,"no","bi-nuclear",10.5587,14.7951
"BJ","replicate_1","OSM",1,"ng/ml",30,2.2181,0.503,"no","bi-nuclear",7.7055,7.0308
"BJ","replicate_1","OSM",1,"ng/ml",30,2.7995,0.5672,"no","bi-nuclear",6.6081,4.4295
"BJ","replicate_1","OSM",1,"ng/ml",30,0.2918,0.993,"no","bi-nuclear",2.7469,3.7139
"BJ","replicate_1","OSM",1,"ng/ml",30,3.5288,0.852,"no","bi-nuclear",11.268,11.087
"BJ","replicate_1","OSM",1,"ng/ml",30,0.4512,2.1987,"no","bi-nuclear",10.776,14.7202
"BJ","replicate_1","OSM",1,"ng/ml",30,2.8587,0.7046,"no","bi-nuclear",7.8084,5.9858
"BJ","replicate_1","OSM",1,"ng/ml",30,2.2092,0.6224,"no","bi-nuclear",8.9247,7.8773
"BJ","replicate_1","OSM",1,"ng/ml",30,0.3751,1.6418,"no","bi-nuclear",3.6107,4.0982
"BJ","replicate_1","OSM",1,"ng/ml",30,0.4429,1.8225,"no","bi-nuclear",5.0485,6.6293
"BJ","replicate_1","OSM",1,"ng/ml",30,1.7419,0.6131,"no","bi-nuclear",14.6401,20.7206
"BJ","replicate_1","OSM",1,"ng/ml",30,2.5486,0.3747,"no","bi-nuclear",10.414,7.7383
"BJ","replicate_1","OSM",1,"ng/ml",30,1.7929,0.3195,"no","bi-nuclear",1.9291,2.1846
"BJ","replicate_1","OSM",1,"ng/ml",30,1.6385,0.5635,"no","bi-nuclear",3.6246,2.8232
"BJ","replicate_1","OSM",1,"ng/ml",30,0.4673,1.7367,"no","bi-nuclear",11.485,10.3311
"BJ","replicate_1","OSM",1,"ng/ml",30,1.9902,0.3966,"no","bi-nuclear",5.1309,5.7393
"BJ","replicate_1","OSM",1,"ng/ml",30,1.8258,0.5896,"no","bi-nuclear",3.4192,2.7171
"BJ","replicate_1","OSM",1,"ng/ml",30,2.1333,0.5158,"no","bi-nuclear",7.366,7.8904
"BJ","replicate_1","OSM",1,"ng/ml",30,2.4979,0.6742,"no","bi-nuclear",3.9987,4.6345
"BJ","replicate_1","OSM",1,"ng/ml",30,2.9748,0.3343,"no","bi-nuclear",7.2934,6.8334
"BJ","replicate_1","OSM",1,"ng/ml",30,0.3118,2.006,"no","bi-nuclear",9.5764,7.2113
"BJ","replicate_1","OSM",1,"ng/ml",30,2.725,0.5736,"no","bi-nuclear",7.0076,8.6079
"BJ","replicate_1","OSM",1,"ng/ml",30,0.4609,1.6873,"no","bi-nuclear",10.0624,10.1765
"BJ","replicate_1","OSM",1,"ng/ml",30,0.4051,1.8298,"no","bi-nuclear",18.0957,13.9405
"BJ","replicate_1","OSM",1,"ng/ml",30,3.4093,0.5598,"no","bi-nuclear",8.8529,6.9159
"BJ","replicate_1","OSM",1,"ng/ml",30,0.3812,1.1024,"no","bi-nuclear",6.4933,9.1996
"BJ","replicate_1","OSM",1,"ng/ml",30,2.5935,0.6756,"no","bi-nuclear",6.15,5.3866
"BJ","replicate_1","OSM",1,"ng/ml",30,0.4532,1.4323,"no","bi-nuclear",7.3391,9.1509
"BJ","replicate_1","OSM",1,"ng/ml",30,2.0667,0.4266,"no","bi-nuclear",10.5044,15.8929
"BJ","replicate_1","OSM",1,"ng/ml",30,2.4902,0.5637,"no","bi-nuclear",11.3195,11.2384
"BJ","replicate_1","OSM",1,"ng/ml",30,0.4358,2.0338,"no","bi-nuclear",4.0955,3.2688
"BJ","replicate_1","OSM",1,"ng/ml",30,0.4638,1.767,"no","bi-nuclear",14.4669,15.2697
"BJ","replicate_1","OSM",1,"ng/ml",30,2.2861,0.6601,"no","bi-nuclear",5.168,5.985
"BJ","replicate_1","OSM",1,"ng/ml",30,2.0097,0.3097,"no","bi-nuclear",9.8056,9.634
"BJ","replicate_1","OSM",1,"ng/ml",30,0.3104,1.878,"no","bi-nuclear",6.7661,5.4686
"BJ","replicate_1","OSM",1,"ng/ml",30,2.0362,0.5813,"no","bi-nuclear",10.5436,13.8034
"BJ","replicate_1","OSM",1,"ng/ml",30,2.0241,0.6267,"no","bi-nuclear",9.4301,7.3508
"BJ","replicate_1","OSM",1,"ng/ml",30,0.436,2.0222,"no","bi-nuclear",22.8894,19.0083
"BJ","replicate_1","OSM",1,"ng/ml",30,2.0001,0.5258,"no","bi-nuclear",2.3559,3.6563
"BJ","replicate_1","OSM",1,"ng/ml",30,1.9799,0.3275,"no","bi-nuclear",13.3857,12.4973
"BJ","replicate_1","OSM",1,"ng/ml",30,1.749,0.642,"no","bi-nuclear",8.416,8.5066
"BJ","replicate_1","OSM",1,"ng/ml",30,2.8759,0.4963,"no","bi-nuclear",6.0094,4.016
"BJ","replicate_1","OSM",1,"ng/ml",30,0.4402,1.9103,"no","bi-nuclear",6.0875,5.031
"BJ","replicate_1","OSM",1,"ng/ml",30,0.3518,1.8892,"no","bi-nuclear",10.7751,13.292
"BJ","replicate_1","OSM",10,"ng/ml",30,3.5643,0.7992,"no","bi-nuclear",12.5258,9.5689
"BJ","replicate_1","OSM",10,"ng/ml",30,0.3261,1.6746,"no","bi-nuclear",18.2053,16.5434
"BJ","replicate_1","OSM",10,"ng/ml",30,2.3105,0.9006,"no","bi-nuclear",19.7036,19.4857
"BJ","replicate_1","OSM",10,"ng/ml",30,0.2845,1.8087,"no","bi-nuclear",9.7193,9.2797
"BJ","replicate_1","OSM",10,"ng/ml",30,2.0144,0.4208,"no","bi-nuclear",8.7667,6.2781
"BJ","replicate_1","OSM",10,"ng/ml",30,3.194,0.529,"no","bi-nuclear",15.0741,18.5992
"BJ","replicate_1","OSM",10,"ng/ml",30,0.3393,1.9127,"no","bi-nuclear",13.5704,11.5999
"BJ","replicate_1","OSM",10,"ng/ml",30,0.4443,1.8049,"no","bi-nuclear",12.4519,10.6266
"BJ","replicate_1","OSM",10,"ng/ml",30,2.135,0.4617,"no","bi-nuclear",17.064,17.1435
"BJ","replicate_1","OSM",10,"ng/ml",30,2.2472,0.5099,"no","bi-nuclear",8.8553,6.8865
"BJ","replicate_1","OSM",10,"ng/ml",30,2.7434,0.606,"no","bi-nuclear",15.0307,16.4324
"BJ","replicate_1","OSM",10,"ng/ml",30,2.2931,0.4551,"no","bi-nuclear",16.6365,17.0184
"BJ","replicate_1","OSM",10,"ng/ml",30,0.3045,6.9428,"no","bi-nuclear",29.9371,16.8682
"BJ","replicate_1","OSM",10,"ng/ml",30,0.5873,2.0014,"no","bi-nuclear",26.6782,18.0511
"BJ","replicate_1","OSM",10,"ng/ml",30,0.4955,1.9489,"no","bi-nuclear",13.5567,14.0536
"BJ","replicate_1","OSM",10,"ng/ml",30,2.5458,0.5736,"no","bi-nuclear",10.7662,11.8744
"BJ","replicate_1","OSM",10,"ng/ml",30,0.2778,1.157,"no","bi-nuclear",23.392,26.0436
"BJ","replicate_1","OSM",10,"ng/ml",30,2.4077,0.6657,"no","bi-nuclear",22.8193,15.7858
"BJ","replicate_1","OSM",10,"ng/ml",30,0.4458,1.6688,"no","bi-nuclear",12.1257,10.7351
"BJ","replicate_1","OSM",10,"ng/ml",30,0.3438,1.9414,"no","bi-nuclear",15.734,17.0257
"BJ","replicate_1","OSM",10,"ng/ml",30,2.2169,0.549,"no","bi-nuclear",9.8852,12.8584
"BJ","replicate_1","OSM",10,"ng/ml",30,2.8974,0.6761,"no","bi-nuclear",12.5318,12.2668
"BJ","replicate_1","OSM",10,"ng/ml",30,0.3709,1.3175,"no","bi-nuclear",19.5698,23.2322
"BJ","replicate_1","OSM",10,"ng/ml",30,2.2424,0.5824,"no","bi-nuclear",19.7162,21.839
"BJ","replicate_1","OSM",10,"ng/ml",30,0.4198,2.7709,"no","bi-nuclear",18.4505,18.8712
"BJ","replicate_1","OSM",10,"ng/ml",30,2.6599,0.5039,"no","bi-nuclear",14.4956,12.3495
"BJ","replicate_1","OSM",10,"ng/ml",30,0.3607,1.7952,"no","bi-nuclear",21.9268,15.9411
"BJ","replicate_1","OSM",10,"ng/ml",30,0.3447,1.741,"no","bi-nuclear",9.1674,12.8942
"BJ","replicate_1","OSM",10,"ng/ml",30,0.3145,0.8935,"no","bi-nuclear",20.4102,26.4575
"BJ","replicate_1","OSM",10,"ng/ml",30,0.4173,1.5871,"no","bi-nuclear",7.5346,6.2882
"BJ","replicate_1","OSM",10,"ng/ml",30,2.6188,0.5652,"no","bi-nuclear",11.364,12.3402
"BJ","replicate_1","OSM",10,"ng/ml",30,1.9574,0.4216,"no","bi-nuclear",5.6606,8.2863
"BJ","replicate_1","OSM",10,"ng/ml",30,0.4602,1.5117,"no","bi-nuclear",11.3778,10.2213
"BJ","replicate_1","OSM",10,"ng/ml",30,0.4449,1.7775,"no","bi-nuclear",15.509,15.6208
"BJ","replicate_1","OSM",10,"ng/ml",30,0.381,1.63,"no","bi-nuclear",7.4452,7.7576
"BJ","replicate_1","OSM",10,"ng/ml",30,2.2829,0.4989,"no","bi-nuclear",13.6104,13.6377
"BJ","replicate_1","OSM",10,"ng/ml",30,2.4369,0.543,"no","bi-nuclear",13.1738,14.4459
"BJ","replicate_1","OSM",10,"ng/ml",30,2.2002,0.531,"no","bi-nuclear",11.7939,9.1296
"BJ","replicate_1","OSM",10,"ng/ml",30,0.4321,1.795,"no","bi-nuclear",12.3563,10.6959
"BJ","replicate_1","OSM",10,"ng/ml",30,0.606,1.137,"no","bi-nuclear",27.0838,10.8887
"BJ","replicate_1","OSM",10,"ng/ml",30,2.0141,0.4653,"no","bi-nuclear",19.6136,22.5187
"BJ","replicate_1","OSM",10,"ng/ml",30,0.4257,1.8854,"no","bi-nuclear",15.8304,20.6812
"BJ","replicate_1","OSM",10,"ng/ml",30,2.5387,0.6006,"no","bi-nuclear",12.0635,11.5926
"BJ","replicate_1","OSM",10,"ng/ml",30,2.0211,0.3967,"no","bi-nuclear",17.1715,12.9964
"BJ","replicate_1","OSM",10,"ng/ml",30,2.359,0.5939,"no","bi-nuclear",20.4153,16.6318
"BJ","replicate_1","OSM",10,"ng/ml",30,2.0814,0.3517,"no","bi-nuclear",24.2692,28.0653
"BJ","replicate_1","OSM",10,"ng/ml",30,0.4425,1.6851,"no","bi-nuclear",19.0527,11.1342
"BJ","replicate_1","OSM",10,"ng/ml",15,0.4604,1.7485,"no","bi-nuclear",16.3099,14.3939
"BJ","replicate_1","OSM",10,"ng/ml",15,0.3559,1.7011,"no","bi-nuclear",16.5579,18.4244
"BJ","replicate_1","OSM",10,"ng/ml",15,2.7693,0.5573,"no","bi-nuclear",17.2773,14.5814
"BJ","replicate_1","OSM",10,"ng/ml",15,2.7941,1.3953,"no","bi-nuclear",15.533,13.5947
"BJ","replicate_1","OSM",10,"ng/ml",15,0.4602,1.7875,"no","bi-nuclear",13.0026,14.746
"BJ","replicate_1","OSM",10,"ng/ml",15,2.9717,1.0019,"no","bi-nuclear",8.7225,15.8798
"BJ","replicate_1","OSM",10,"ng/ml",15,2.4831,0.6096,"no","bi-nuclear",9.3205,11.7998
"BJ","replicate_1","OSM",10,"ng/ml",15,2.2518,0.5079,"no","bi-nuclear",10.448,15.7103
"BJ","replicate_1","OSM",10,"ng/ml",15,0.3843,1.737,"no","bi-nuclear",7.3731,7.3681
"BJ","replicate_1","OSM",10,"ng/ml",15,2.05,0.6993,"no","bi-nuclear",11.6112,13.779
"BJ","replicate_1","OSM",10,"ng/ml",15,2.4079,0.4154,"no","bi-nuclear",15.9826,16.838
"BJ","replicate_1","OSM",10,"ng/ml",15,0.403,11.8052,"no","bi-nuclear",9.3704,25.3528
"BJ","replicate_1","OSM",10,"ng/ml",15,0.2928,1.8364,"no","bi-nuclear",12.1503,14.4258
"BJ","replicate_1","OSM",10,"ng/ml",15,0.3249,1.5691,"no","bi-nuclear",10.7154,13.0854
"BJ","replicate_1","OSM",10,"ng/ml",15,0.3722,1.5638,"no","bi-nuclear",11.2963,14.3845
"BJ","replicate_1","OSM",10,"ng/ml",15,0.3977,1.8568,"no","bi-nuclear",15.0545,9.5751
"BJ","replicate_1","OSM",10,"ng/ml",15,2.4139,1.0776,"no","bi-nuclear",13.7691,29.849
"BJ","replicate_1","OSM",10,"ng/ml",15,2.0142,0.6069,"no","bi-nuclear",11.4519,7.238
"BJ","replicate_1","OSM",10,"ng/ml",15,0.483,1.4129,"no","bi-nuclear",11.6777,12.0803
"BJ","replicate_1","OSM",10,"ng/ml",15,2.7574,0.7228,"no","bi-nuclear",8.0519,6.0442
"BJ","replicate_1","OSM",10,"ng/ml",15,2.9659,0.4458,"no","bi-nuclear",15.908,13.7621
"BJ","replicate_1","OSM",10,"ng/ml",15,1.8517,0.9237,"no","bi-nuclear",12.1186,17.3259
"BJ","replicate_1","OSM",10,"ng/ml",15,3.3046,1.311,"no","bi-nuclear",11.2427,13.0492
"BJ","replicate_1","OSM",10,"ng/ml",15,1.9909,0.3111,"no","bi-nuclear",16.3019,15.5468
"BJ","replicate_1","OSM",10,"ng/ml",15,0.3978,1.6258,"no","bi-nuclear",20.5247,20.6994
"BJ","replicate_1","OSM",10,"ng/ml",15,0.304,1.5039,"no","bi-nuclear",9.7552,16.2309
"BJ","replicate_1","OSM",10,"ng/ml",15,0.4458,3.24,"no","bi-nuclear",24.8996,20.6919
"BJ","replicate_1","OSM",10,"ng/ml",15,0.436,1.8368,"no","bi-nuclear",10.2089,7.9374
"BJ","replicate_1","OSM",10,"ng/ml",15,2.7274,0.6364,"no","bi-nuclear",11.0391,17.9426
"BJ","replicate_1","OSM",10,"ng/ml",15,2.2617,0.4642,"no","bi-nuclear",10.2492,12.1193
"BJ","replicate_1","OSM",10,"ng/ml",15,0.3457,1.7371,"no","bi-nuclear",12.8126,16.0392
"BJ","replicate_1","OSM",10,"ng/ml",15,2.4107,0.4988,"no","bi-nuclear",11.5297,14.2265
"BJ","replicate_1","OSM",10,"ng/ml",15,2.1281,0.4393,"no","bi-nuclear",8.9536,6.0867
"BJ","replicate_1","OSM",10,"ng/ml",15,1.9504,0.4042,"no","bi-nuclear",17.0787,28.9233
"BJ","replicate_1","OSM",10,"ng/ml",15,2.3289,0.5143,"no","bi-nuclear",9.1246,8.4746
"BJ","replicate_1","OSM",10,"ng/ml",15,0.3634,2.455,"no","bi-nuclear",24.8935,20.9491
"BJ","replicate_1","OSM",10,"ng/ml",15,2.0248,0.6775,"no","bi-nuclear",20.4144,20.952
"BJ","replicate_1","OSM",10,"ng/ml",15,0.4266,1.7736,"no","bi-nuclear",23.0128,22.7853
"BJ","replicate_1","OSM",10,"ng/ml",15,2.5319,0.4569,"no","bi-nuclear",19.7946,14.3914
"BJ","replicate_1","OSM",10,"ng/ml",15,0.3304,1.4907,"no","bi-nuclear",16.0097,14.0874
"BJ","replicate_1","OSM",10,"ng/ml",15,0.3257,1.6086,"no","bi-nuclear",24.2982,21.6475
"BJ","replicate_1","OSM",10,"ng/ml",15,1.8086,0.5449,"no","bi-nuclear",18.2626,16.0563
"BJ","replicate_1","OSM",10,"ng/ml",15,0.3632,1.8267,"no","bi-nuclear",18.2765,16.9623
"BJ","replicate_1","OSM",10,"ng/ml",15,3.1626,0.5262,"no","bi-nuclear",15.4194,12.5331
"BJ","replicate_1","OSM",10,"ng/ml",15,1.8883,0.425,"no","bi-nuclear",7.8185,8.8129
"BJ","replicate_1","OSM",10,"ng/ml",15,2.3752,0.5333,"no","bi-nuclear",12.4323,13.9645
"BJ","replicate_1","OSM",10,"ng/ml",15,0.2899,1.4159,"no","bi-nuclear",11.3984,14.2807
"BJ","replicate_1","OSM",10,"ng/ml",15,1.9023,0.5392,"no","bi-nuclear",11.0031,12.8756
"BJ","replicate_1","OSM",10,"ng/ml",15,0.4756,2.1402,"no","bi-nuclear",18.7798,17.5057
"BJ","replicate_1","OSM",10,"ng/ml",15,1.9229,0.4922,"no","bi-nuclear",7.9821,12.8363
"BJ","replicate_1","OSM",10,"ng/ml",15,2.6303,0.5186,"no","bi-nuclear",14.3987,10.5614
"BJ","replicate_1","OSM",10,"ng/ml",15,0.51,2.1931,"no","bi-nuclear",9.44,9.9011
"BJ","replicate_1","OSM",10,"ng/ml",15,2.3275,0.5107,"no","bi-nuclear",14.4243,20.4279
"BJ","replicate_1","OSM",10,"ng/ml",15,0.4277,2.0428,"no","bi-nuclear",15.4418,15.3345
"BJ","replicate_1","OSM",10,"ng/ml",15,2.2496,0.4468,"no","bi-nuclear",12.949,18.3818
"BJ","replicate_1","OSM",10,"ng/ml",15,3.3903,0.5902,"no","bi-nuclear",10.097,10.2246
"BJ","replicate_1","OSM",10,"ng/ml",15,2.4955,0.5237,"no","bi-nuclear",11.9673,11.9422
"BJ","replicate_1","OSM",10,"ng/ml",15,3.035,0.5864,"no","bi-nuclear",12.1696,9.4688
"BJ","replicate_1","OSM",10,"ng/ml",15,2.0589,0.4696,"no","bi-nuclear",13.3385,17.4285
"BJ","replicate_1","OSM",10,"ng/ml",15,2.0541,0.5328,"no","bi-nuclear",10.7348,16.9596
"BJ","replicate_1","OSM",10,"ng/ml",15,1.9547,0.398,"no","bi-nuclear",19.6027,23.1675
"BJ","replicate_1","OSM",10,"ng/ml",15,0.4872,1.9902,"no","bi-nuclear",11.2696,15.0225
"BJ","replicate_1","OSM",10,"ng/ml",15,0.3419,1.2451,"no","bi-nuclear",15.2494,13.539
"BJ","replicate_1","OSM",10,"ng/ml",15,0.4432,2.5002,"no","bi-nuclear",14.0108,13.2542
"BJ","replicate_1","OSM",10,"ng/ml",15,0.4484,1.1588,"no","bi-nuclear",9.541,15.5757
"BJ","replicate_1","OSM",10,"ng/ml",15,4.0115,0.7521,"no","bi-nuclear",12.1891,13.0819
"BJ","replicate_1","OSM",10,"ng/ml",15,0.3261,1.9555,"no","bi-nuclear",5.1563,7.4876
"BJ","replicate_1","OSM",10,"ng/ml",15,2.9071,0.351,"no","bi-nuclear",18.3917,14.8493
"BJ","replicate_1","OSM",10,"ng/ml",15,0.468,1.9056,"no","bi-nuclear",18.18,17.735
"BJ","replicate_1","OSM",10,"ng/ml",15,0.3704,1.695,"no","bi-nuclear",15.6846,13.6802
"BJ","replicate_1","OSM",10,"ng/ml",15,2.2552,0.5127,"no","bi-nuclear",5.5438,10.1815
"BJ","replicate_1","OSM",10,"ng/ml",15,2.611,0.3574,"no","bi-nuclear",8.7896,6.5961
"BJ","replicate_1","OSM",10,"ng/ml",15,2.4614,0.5621,"no","bi-nuclear",8.886,13.3213
"BJ","replicate_1","OSM",10,"ng/ml",15,3.9141,0.4512,"no","bi-nuclear",13.8224,7.9544
"BJ","replicate_1","OSM",10,"ng/ml",15,0.3514,1.833,"no","bi-nuclear",12.4033,14.3968
"BJ","replicate_1","OSM",10,"ng/ml",15,0.3946,1.7109,"no","bi-nuclear",11.3025,11.8626
"BJ","replicate_1","OSM",10,"ng/ml",15,1.6675,0.5357,"no","bi-nuclear",15.1314,13.7663
"BJ","replicate_1","OSM",10,"ng/ml",15,2.3184,0.5305,"no","bi-nuclear",5.7008,7.9711
"BJ","replicate_1","OSM",10,"ng/ml",15,0.4163,1.9498,"no","bi-nuclear",10.2742,14.4533
"BJ","replicate_1","OSM",10,"ng/ml",5,2.0062,0.316,"no","bi-nuclear",8.648,5.142
"BJ","replicate_1","OSM",10,"ng/ml",5,0.5111,2.1868,"no","bi-nuclear",12.9645,10.8982
"BJ","replicate_1","OSM",10,"ng/ml",5,0.3473,1.6613,"no","bi-nuclear",5.9259,7.1407
"BJ","replicate_1","OSM",10,"ng/ml",5,2.102,0.4933,"no","bi-nuclear",11.0502,10.7534
"BJ","replicate_1","OSM",10,"ng/ml",5,1.7335,0.744,"no","bi-nuclear",4.5836,11.8916
"BJ","replicate_1","OSM",10,"ng/ml",5,2.3879,0.5413,"no","bi-nuclear",8.0104,7.5713
"BJ","replicate_1","OSM",10,"ng/ml",5,0.3171,1.456,"no","bi-nuclear",9.3997,9.6779
"BJ","replicate_1","OSM",10,"ng/ml",5,3.0745,0.241,"no","bi-nuclear",8.6523,9.2693
"BJ","replicate_1","OSM",10,"ng/ml",5,0.4144,1.1666,"no","bi-nuclear",6.786,6.8268
"BJ","replicate_1","OSM",10,"ng/ml",5,2.5722,0.8164,"no","bi-nuclear",13.4305,10.9701
"BJ","replicate_1","OSM",10,"ng/ml",5,0.5007,2.2539,"no","bi-nuclear",8.9462,8.379
"BJ","replicate_1","OSM",10,"ng/ml",5,2.614,0.7067,"no","bi-nuclear",6.5332,9.7523
"BJ","replicate_1","OSM",10,"ng/ml",5,0.3483,1.501,"no","bi-nuclear",12.0368,11.8386
"BJ","replicate_1","OSM",10,"ng/ml",5,1.771,0.4292,"no","bi-nuclear",8.0579,9.1788
"BJ","replicate_1","OSM",10,"ng/ml",5,2.1123,0.3186,"no","bi-nuclear",12.0057,15.5153
"BJ","replicate_1","OSM",10,"ng/ml",5,0.3773,1.7057,"no","bi-nuclear",8.0572,8.4309
"BJ","replicate_1","OSM",10,"ng/ml",5,2.2427,0.552,"no","bi-nuclear",14.2903,17.2073
"BJ","replicate_1","OSM",10,"ng/ml",5,2.3587,0.6642,"no","bi-nuclear",7.5209,8.3555
"BJ","replicate_1","OSM",10,"ng/ml",5,0.3543,1.4935,"no","bi-nuclear",10.5893,13.4021
"BJ","replicate_1","OSM",10,"ng/ml",5,0.4633,1.4937,"no","bi-nuclear",11.8607,11.2689
"BJ","replicate_1","OSM",10,"ng/ml",5,1.6266,0.5307,"no","bi-nuclear",13.4638,11.1955
"BJ","replicate_1","OSM",10,"ng/ml",5,2.4752,0.5386,"no","bi-nuclear",11.7722,8.4446
"BJ","replicate_1","OSM",10,"ng/ml",5,0.4327,1.9136,"no","bi-nuclear",13.7372,12.9035
"BJ","replicate_1","OSM",10,"ng/ml",5,0.4082,1.5308,"no","bi-nuclear",4.2385,4.422
"BJ","replicate_1","OSM",10,"ng/ml",5,0.4781,1.8908,"no","bi-nuclear",8.1833,7.0336
"BJ","replicate_1","OSM",10,"ng/ml",5,2.4575,0.5549,"no","bi-nuclear",8.6307,9.9142
"BJ","replicate_1","OSM",10,"ng/ml",5,0.3344,1.6998,"no","bi-nuclear",12.5494,10.0481
"BJ","replicate_1","OSM",10,"ng/ml",5,0.4365,1.5334,"no","bi-nuclear",4.5915,5.6571
"BJ","replicate_1","OSM",10,"ng/ml",5,0.6412,1.6071,"no","bi-nuclear",3.3193,6.9749
"BJ","replicate_1","OSM",10,"ng/ml",5,2.3258,0.4499,"no","bi-nuclear",7.248,9.8729
"BJ","replicate_1","OSM",10,"ng/ml",5,1.9396,0.5502,"no","bi-nuclear",6.2157,4.9425
"BJ","replicate_1","OSM",10,"ng/ml",5,2.0219,0.4814,"no","bi-nuclear",13.8572,10.7953
"BJ","replicate_1","OSM",10,"ng/ml",5,0.5846,1.6975,"no","bi-nuclear",7.7778,7.1987
"BJ","replicate_1","OSM",10,"ng/ml",5,1.8939,0.5295,"no","bi-nuclear",3.723,3.5358
"BJ","replicate_1","OSM",10,"ng/ml",5,2.1041,0.6118,"no","bi-nuclear",6.7798,8.9492
"BJ","replicate_1","OSM",10,"ng/ml",5,0.3692,1.3721,"no","bi-nuclear",7.3498,8.5679
"BJ","replicate_1","OSM",10,"ng/ml",5,2.6101,0.6244,"no","bi-nuclear",4.7998,5.2583
"BJ","replicate_1","OSM",10,"ng/ml",5,2.0306,0.225,"no","bi-nuclear",8.5781,12.6283
"BJ","replicate_1","OSM",10,"ng/ml",5,0.3765,1.4605,"no","bi-nuclear",7.4147,4.5993
"BJ","replicate_1","OSM",10,"ng/ml",5,0.4126,2.1582,"no","bi-nuclear",4.6222,4.8024
"BJ","replicate_1","OSM",10,"ng/ml",5,0.4933,6.7179,"no","bi-nuclear",4.8001,4.1387
"BJ","replicate_1","OSM",10,"ng/ml",5,2.2858,0.5521,"no","bi-nuclear",5.6336,5.2969
"BJ","replicate_1","OSM",10,"ng/ml",5,2.0525,0.9039,"no","bi-nuclear",3.6735,9.8502
"BJ","replicate_1","OSM",10,"ng/ml",5,0.4515,1.6695,"no","bi-nuclear",10.0826,9.5971
"BJ","replicate_1","OSM",10,"ng/ml",5,3.1272,0.5408,"no","bi-nuclear",10.251,9.5275
"BJ","replicate_1","OSM",10,"ng/ml",5,2.1357,0.2363,"no","bi-nuclear",13.2444,11.2618
"BJ","replicate_1","OSM",10,"ng/ml",5,4.0855,0.695,"no","bi-nuclear",13.4499,8.5179
"BJ","replicate_1","OSM",10,"ng/ml",5,0.3602,1.8323,"no","bi-nuclear",10.0322,7.7675
"BJ","replicate_1","OSM",10,"ng/ml",5,0.3741,1.9089,"no","bi-nuclear",8.5443,6.5808
"BJ","replicate_1","OSM",10,"ng/ml",5,2.0451,0.4597,"no","bi-nuclear",5.1366,4.9535
"BJ","replicate_1","OSM",10,"ng/ml",5,0.4861,1.4385,"no","bi-nuclear",13.9042,14.3857
"BJ","replicate_1","OSM",10,"ng/ml",5,2.1546,0.405,"no","bi-nuclear",9.4178,11.1517
"BJ","replicate_1","OSM",10,"ng/ml",5,2.6993,0.3781,"no","bi-nuclear",9.624,8.171
"BJ","replicate_1","OSM",10,"ng/ml",5,2.3527,0.3481,"no","bi-nuclear",8.2609,8.8495
"BJ","replicate_1","OSM",10,"ng/ml",5,0.3757,1.8698,"no","bi-nuclear",2.4239,2.6769
"BJ","replicate_1","OSM",10,"ng/ml",5,0.3937,1.1845,"no","bi-nuclear",12.1004,11.9819
"BJ","replicate_1","OSM",10,"ng/ml",5,0.4602,1.8662,"no","bi-nuclear",9.8286,11.4271
"BJ","replicate_1","OSM",10,"ng/ml",5,0.4457,1.596,"no","bi-nuclear",10.2245,8.1594
"BJ","replicate_1","OSM",10,"ng/ml",5,2.8887,0.5433,"no","bi-nuclear",12.1921,10.5642
"BJ","replicate_1","OSM",10,"ng/ml",5,2.6125,1.276,"no","bi-nuclear",7.4848,6.5812
"BJ","replicate_1","OSM",10,"ng/ml",5,2.2326,0.6823,"no","bi-nuclear",6.8999,6.2986
"BJ","replicate_1","OSM",10,"ng/ml",5,0.3726,1.9704,"no","bi-nuclear",2.3487,2.6548
"BJ","replicate_1","OSM",10,"ng/ml",5,2.9031,0.6313,"no","bi-nuclear",2.8351,2.4735
"BJ","replicate_1","OSM",10,"ng/ml",5,0.4495,2.3942,"no","bi-nuclear",9.7988,7.7624
"BJ","replicate_1","OSM",10,"ng/ml",5,4.217,0.7466,"no","bi-nuclear",2.9559,2.6303
"BJ","replicate_1","OSM",10,"ng/ml",5,2.0536,0.682,"no","bi-nuclear",11.9591,12.1235
"BJ","replicate_1","OSM",10,"ng/ml",5,0.4956,1.6436,"no","bi-nuclear",7.1235,5.9253
"BJ","replicate_1","OSM",10,"ng/ml",5,4.8455,0.5627,"no","bi-nuclear",10.8482,11.414
"BJ","replicate_1","OSM",10,"ng/ml",5,0.3407,1.788,"no","bi-nuclear",7.7507,6.1055
"BJ","replicate_1","OSM",10,"ng/ml",5,0.4788,2.3407,"no","bi-nuclear",15.8455,9.2417
"BJ","replicate_1","OSM",10,"ng/ml",5,1.7715,0.3808,"no","bi-nuclear",5.7488,6.0386
"BJ","replicate_1","OSM",10,"ng/ml",5,1.8931,0.5436,"no","bi-nuclear",2.1096,2.2811
"BJ","replicate_1","OSM",10,"ng/ml",5,0.5274,1.4808,"no","bi-nuclear",6.8502,4.9207
"BJ","replicate_1","OSM",10,"ng/ml",5,0.412,1.9227,"no","bi-nuclear",3.5006,4.2397
"BJ","replicate_1","OSM",10,"ng/ml",5,4.3464,0.7608,"no","bi-nuclear",2.7009,1.6134
"BJ","replicate_1","OSM",10,"ng/ml",5,0.4208,1.8066,"no","bi-nuclear",9.7304,9.8037
"BJ","replicate_1","OSM",10,"ng/ml",5,0.5913,1.8742,"no","bi-nuclear",5.5956,3.8551
"BJ","replicate_1","OSM",10,"ng/ml",5,1.8114,0.5033,"no","bi-nuclear",12.5416,13.7167
"BJ","replicate_1","OSM",10,"ng/ml",5,0.4145,2.0811,"no","bi-nuclear",10.1258,7.441
"BJ","replicate_1","OSM",10,"ng/ml",5,2.7384,0.2521,"no","bi-nuclear",2.8794,4.1689
"BJ","replicate_1","OSM",10,"ng/ml",5,0.5573,2.3051,"no","bi-nuclear",7.6239,7.2447
"BJ","replicate_1","OSM",10,"ng/ml",5,0.4138,2.157,"no","bi-nuclear",8.9358,10.6391
"BJ","replicate_1","OSM",10,"ng/ml",5,2.4877,0.3655,"no","bi-nuclear",5.7272,4.6378
"BJ","replicate_2","OSM",0,"ng/ml",30,1.0522,1.4122,"yes","bi-nuclear",1.2606,1.0503
"BJ","replicate_2","OSM",0,"ng/ml",30,1.0014,0.9222,"yes","bi-nuclear",1.1123,0.8731
"BJ","replicate_2","OSM",0,"ng/ml",30,1.1311,1.303,"yes","bi-nuclear",0.7858,0.5849
"BJ","replicate_2","OSM",0,"ng/ml",30,0.8778,0.8258,"yes","bi-nuclear",0.9499,1.0431
"BJ","replicate_2","OSM",0.1,"ng/ml",30,0.4711,0.8215,"yes","bi-nuclear",2.018,2.2854
"BJ","replicate_2","OSM",0.1,"ng/ml",30,0.9853,0.9331,"yes","bi-nuclear",0.4487,0.475
"BJ","replicate_2","OSM",1,"ng/ml",30,0.7384,0.8062,"yes","bi-nuclear",1.2479,1.029
"BJ","replicate_2","OSM",1,"ng/ml",30,0.8851,1.1754,"yes","bi-nuclear",0.71,0.4569
"BJ","replicate_2","OSM",1,"ng/ml",30,0.9853,0.8467,"yes","bi-nuclear",2.8824,2.4964
"BJ","replicate_2","OSM",1,"ng/ml",30,1.0911,0.9205,"yes","bi-nuclear",1.3049,1.5232
"BJ","replicate_2","OSM",10,"ng/ml",30,1.4228,0.9906,"yes","bi-nuclear",7.8583,7.6157
"BJ","replicate_2","OSM",0.1,"ng/ml",30,0.7844,0.5135,"yes","bi-nuclear",0.4931,1.1879
"BJ","replicate_2","OSM",0.1,"ng/ml",30,0.9974,0.9368,"yes","bi-nuclear",0.7085,0.6673
"BJ","replicate_2","OSM",0.1,"ng/ml",30,0.9986,1.1154,"yes","bi-nuclear",1.2174,1.0627
"BJ","replicate_2","OSM",1,"ng/ml",30,0.9068,1.0755,"yes","bi-nuclear",7.5225,7.6735
"BJ","replicate_2","OSM",1,"ng/ml",30,0.8621,1.0086,"yes","bi-nuclear",3.1969,3.8799
"BJ","replicate_2","OSM",1,"ng/ml",30,1.1225,0.8233,"yes","bi-nuclear",2.0096,2.9009
"BJ","replicate_2","OSM",1,"ng/ml",30,1.1632,1.2648,"yes","bi-nuclear",11.5567,7.1807
"BJ","replicate_2","OSM",10,"ng/ml",30,0.9986,1.3979,"yes","bi-nuclear",10.5856,6.8654
"BJ","replicate_2","OSM",10,"ng/ml",30,1.6069,1.6399,"yes","bi-nuclear",10.1195,10.3435
"BJ","replicate_2","OSM",10,"ng/ml",30,0.9482,0.9813,"yes","bi-nuclear",4.2078,3.9177
"BJ","replicate_2","OSM",10,"ng/ml",30,0.947,1.2534,"yes","bi-nuclear",11.9427,9.6398
"BJ","replicate_2","OSM",10,"ng/ml",15,1.2102,1.1477,"yes","bi-nuclear",7.4495,6.3551
"BJ","replicate_2","OSM",10,"ng/ml",15,0.7536,0.8157,"yes","bi-nuclear",2.5458,2.5942
"BJ","replicate_2","OSM",10,"ng/ml",5,1.1476,1.1747,"yes","bi-nuclear",3.1745,2.3663
"BJ","replicate_2","OSM",10,"ng/ml",5,1.1486,1.0522,"yes","bi-nuclear",2.2407,2.189
"BJ","replicate_2","OSM",10,"ng/ml",5,1.0173,0.5882,"yes","bi-nuclear",2.6061,3.2852
"BJ","replicate_2","OSM",10,"ng/ml",5,0.8374,0.9373,"yes","bi-nuclear",3.3656,4.7519
"BJ","replicate_2","OSM",0,"ng/ml",30,1.7292,0.3908,"no","bi-nuclear",1.8885,1.8618
"BJ","replicate_2","OSM",0,"ng/ml",30,2.1158,0.5072,"no","bi-nuclear",1.3195,1.2869
"BJ","replicate_2","OSM",0,"ng/ml",30,2.4586,0.5342,"no","bi-nuclear",1.6548,1.568
"BJ","replicate_2","OSM",0,"ng/ml",30,2.0476,0.5924,"no","bi-nuclear",1.0287,0.9591
"BJ","replicate_2","OSM",0,"ng/ml",30,0.5025,2.0924,"no","bi-nuclear",0.7584,0.7185
"BJ","replicate_2","OSM",0,"ng/ml",30,0.7842,1.3858,"no","bi-nuclear",1.6665,1.4522
"BJ","replicate_2","OSM",0,"ng/ml",30,0.3863,2.1806,"no","bi-nuclear",1.1539,1.3281
"BJ","replicate_2","OSM",0,"ng/ml",30,0.6546,1.7716,"no","bi-nuclear",0.5593,0.5256
"BJ","replicate_2","OSM",0,"ng/ml",30,2.1367,0.689,"no","bi-nuclear",0.6199,0.5301
"BJ","replicate_2","OSM",0,"ng/ml",30,1.1385,3.1418,"no","bi-nuclear",0.8153,0.816
"BJ","replicate_2","OSM",0,"ng/ml",30,2.3322,0.5761,"no","bi-nuclear",0.8432,0.6615
"BJ","replicate_2","OSM",0,"ng/ml",30,0.5452,1.9127,"no","bi-nuclear",0.7873,0.6232
"BJ","replicate_2","OSM",0,"ng/ml",30,2.4885,0.6885,"no","bi-nuclear",0.5268,0.645
"BJ","replicate_2","OSM",0,"ng/ml",30,0.4957,1.8623,"no","bi-nuclear",0.4662,0.5006
"BJ","replicate_2","OSM",0,"ng/ml",30,0.3722,1.4074,"no","bi-nuclear",0.6295,0.5685
"BJ","replicate_2","OSM",0,"ng/ml",30,3.0265,0.5564,"no","bi-nuclear",0.7848,0.756
"BJ","replicate_2","OSM",0,"ng/ml",30,2.7002,0.6147,"no","bi-nuclear",0.6185,0.559
"BJ","replicate_2","OSM",0,"ng/ml",30,2.2336,0.8831,"no","bi-nuclear",1.9413,1.283
"BJ","replicate_2","OSM",0,"ng/ml",30,3.3096,0.7419,"no","bi-nuclear",0.879,0.7352
"BJ","replicate_2","OSM",0,"ng/ml",30,0.5194,1.7024,"no","bi-nuclear",1.0508,1.0766
"BJ","replicate_2","OSM",0,"ng/ml",30,2.0517,0.68,"no","bi-nuclear",1.39,1.5002
"BJ","replicate_2","OSM",0,"ng/ml",30,2.2158,0.5082,"no","bi-nuclear",0.528,0.5979
"BJ","replicate_2","OSM",0,"ng/ml",30,2.6343,0.676,"no","bi-nuclear",1.3712,1.4065
"BJ","replicate_2","OSM",0,"ng/ml",30,2.2985,0.7527,"no","bi-nuclear",1.4004,1.2402
"BJ","replicate_2","OSM",0,"ng/ml",30,0.4097,2.0545,"no","bi-nuclear",1.7865,1.5059
"BJ","replicate_2","OSM",0,"ng/ml",30,2.7435,0.5715,"no","bi-nuclear",0.6093,0.3095
"BJ","replicate_2","OSM",0,"ng/ml",30,1.5486,0.7527,"no","bi-nuclear",0.7565,1.1063
"BJ","replicate_2","OSM",0,"ng/ml",30,3.6864,0.7229,"no","bi-nuclear",0.8705,0.8046
"BJ","replicate_2","OSM",0,"ng/ml",30,0.4282,2.396,"no","bi-nuclear",1.3007,1.2658
"BJ","replicate_2","OSM",0,"ng/ml",30,2.1585,0.6873,"no","bi-nuclear",0.7019,0.6265
"BJ","replicate_2","OSM",0,"ng/ml",30,2.2288,0.6192,"no","bi-nuclear",0.5229,0.3998
"BJ","replicate_2","OSM",0,"ng/ml",30,0.4923,2.2682,"no","bi-nuclear",0.5083,0.4692
"BJ","replicate_2","OSM",0,"ng/ml",30,0.4223,1.2022,"no","bi-nuclear",1.9741,2.353
"BJ","replicate_2","OSM",0,"ng/ml",30,2.2766,0.7611,"no","bi-nuclear",1.1802,1.0668
"BJ","replicate_2","OSM",0.1,"ng/ml",30,2.6181,0.5287,"no","bi-nuclear",0.9647,0.8531
"BJ","replicate_2","OSM",0.1,"ng/ml",30,2.5254,0.8342,"no","bi-nuclear",2.9611,1.7567
"BJ","replicate_2","OSM",0.1,"ng/ml",30,2.4709,0.4811,"no","bi-nuclear",0.6166,0.7012
"BJ","replicate_2","OSM",0.1,"ng/ml",30,1.9767,0.4903,"no","bi-nuclear",1.0436,0.7801
"BJ","replicate_2","OSM",0.1,"ng/ml",30,0.6019,2.6085,"no","bi-nuclear",0.9133,0.597
"BJ","replicate_2","OSM",0.1,"ng/ml",30,0.3718,2.0606,"no","bi-nuclear",0.5952,0.7134
"BJ","replicate_2","OSM",0.1,"ng/ml",30,3.0748,0.6663,"no","bi-nuclear",0.5808,0.4541
"BJ","replicate_2","OSM",0.1,"ng/ml",30,0.387,1.7578,"no","bi-nuclear",1.147,0.9082
"BJ","replicate_2","OSM",0.1,"ng/ml",30,0.4715,1.667,"no","bi-nuclear",1.5201,1.4948
"BJ","replicate_2","OSM",0.1,"ng/ml",30,5.9066,1.1076,"no","bi-nuclear",1.4078,0.293
"BJ","replicate_2","OSM",0.1,"ng/ml",30,2.5534,0.723,"no","bi-nuclear",0.4795,0.4913
"BJ","replicate_2","OSM",0.1,"ng/ml",30,2.958,0.4865,"no","bi-nuclear",0.8244,0.9617
"BJ","replicate_2","OSM",0.1,"ng/ml",30,0.3607,1.1095,"no","bi-nuclear",0.553,0.6299
"BJ","replicate_2","OSM",0.1,"ng/ml",30,0.4719,2.5775,"no","bi-nuclear",1.0504,0.9235
"BJ","replicate_2","OSM",0.1,"ng/ml",30,2.1835,0.5631,"no","bi-nuclear",1.2709,0.6417
"BJ","replicate_2","OSM",0.1,"ng/ml",30,1.8912,0.6338,"no","bi-nuclear",0.5706,0.517
"BJ","replicate_2","OSM",0.1,"ng/ml",30,2.1885,0.5939,"no","bi-nuclear",1.229,0.9469
"BJ","replicate_2","OSM",0.1,"ng/ml",30,2.4496,0.8348,"no","bi-nuclear",1.0842,0.9718
"BJ","replicate_2","OSM",0.1,"ng/ml",30,1.8523,0.5874,"no","bi-nuclear",1.2298,1.2555
"BJ","replicate_2","OSM",0.1,"ng/ml",30,2.367,0.5694,"no","bi-nuclear",0.321,0.3781
"BJ","replicate_2","OSM",0.1,"ng/ml",30,1.5518,0.428,"no","bi-nuclear",0.332,0.441
"BJ","replicate_2","OSM",0.1,"ng/ml",30,0.441,1.8486,"no","bi-nuclear",0.1931,0.0946
"BJ","replicate_2","OSM",0.1,"ng/ml",30,2.1192,0.4949,"no","bi-nuclear",0.2513,0.283
"BJ","replicate_2","OSM",1,"ng/ml",30,0.6149,1.4513,"no","bi-nuclear",1.0963,0.9525
"BJ","replicate_2","OSM",1,"ng/ml",30,0.2799,1.1418,"no","bi-nuclear",2.2578,3.7062
"BJ","replicate_2","OSM",1,"ng/ml",30,2.2375,0.4936,"no","bi-nuclear",5.4867,6.4279
"BJ","replicate_2","OSM",1,"ng/ml",30,0.7706,1.8677,"no","bi-nuclear",4.747,2.2248
"BJ","replicate_2","OSM",1,"ng/ml",30,2.5798,0.5531,"no","bi-nuclear",4.1633,2.413
"BJ","replicate_2","OSM",1,"ng/ml",30,0.2958,1.2659,"no","bi-nuclear",3.1657,3.3674
"BJ","replicate_2","OSM",1,"ng/ml",30,2.9172,0.8095,"no","bi-nuclear",2.8787,1.5974
"BJ","replicate_2","OSM",1,"ng/ml",30,0.4984,1.952,"no","bi-nuclear",0.9577,1.3458
"BJ","replicate_2","OSM",1,"ng/ml",30,0.397,1.8978,"no","bi-nuclear",3.1775,3.5356
"BJ","replicate_2","OSM",1,"ng/ml",30,2.1982,0.6707,"no","bi-nuclear",4.6846,2.0636
"BJ","replicate_2","OSM",1,"ng/ml",30,0.4722,2.2865,"no","bi-nuclear",3.7195,2.8886
"BJ","replicate_2","OSM",1,"ng/ml",30,0.5029,1.7019,"no","bi-nuclear",3.6791,2.273
"BJ","replicate_2","OSM",1,"ng/ml",30,1.9064,0.4382,"no","bi-nuclear",2.9364,3.7626
"BJ","replicate_2","OSM",1,"ng/ml",30,0.2846,1.9023,"no","bi-nuclear",2.3807,2.575
"BJ","replicate_2","OSM",1,"ng/ml",30,2.1374,0.4387,"no","bi-nuclear",0.5451,0.6646
"BJ","replicate_2","OSM",1,"ng/ml",30,0.3856,3.0792,"no","bi-nuclear",1.0293,1.3664
"BJ","replicate_2","OSM",1,"ng/ml",30,0.4089,1.8585,"no","bi-nuclear",0.9942,1.2418
"BJ","replicate_2","OSM",1,"ng/ml",30,2.7627,1.8905,"no","bi-nuclear",1.736,0.9687
"BJ","replicate_2","OSM",10,"ng/ml",30,0.5338,1.1755,"no","bi-nuclear",7.2154,18.7656
"BJ","replicate_2","OSM",10,"ng/ml",30,2.638,0.6505,"no","bi-nuclear",5.6892,6.3724
"BJ","replicate_2","OSM",10,"ng/ml",30,0.4769,1.5154,"no","bi-nuclear",6.1233,5.8632
"BJ","replicate_2","OSM",10,"ng/ml",30,0.7286,2.3098,"no","bi-nuclear",15.9793,9.6202
"BJ","replicate_2","OSM",10,"ng/ml",30,0.3734,1.6489,"no","bi-nuclear",6.1128,7.2469
"BJ","replicate_2","OSM",10,"ng/ml",30,0.645,1.8033,"no","bi-nuclear",2.3233,3.0618
"BJ","replicate_2","OSM",10,"ng/ml",30,2.896,0.5191,"no","bi-nuclear",2.7995,3.1718
"BJ","replicate_2","OSM",10,"ng/ml",30,1.6747,0.5643,"no","bi-nuclear",0.932,1.4684
"BJ","replicate_2","OSM",10,"ng/ml",30,2.8692,0.4541,"no","bi-nuclear",2.3683,2.6988
"BJ","replicate_2","OSM",10,"ng/ml",30,3.3302,0.5086,"no","bi-nuclear",3.552,2.9157
"BJ","replicate_2","OSM",10,"ng/ml",30,2.9045,0.476,"no","bi-nuclear",5.7165,5.9379
"BJ","replicate_2","OSM",10,"ng/ml",30,0.5588,1.8353,"no","bi-nuclear",4.4521,4.6108
"BJ","replicate_2","OSM",10,"ng/ml",30,2.3868,0.4125,"no","bi-nuclear",3.2247,4.5704
"BJ","replicate_2","OSM",10,"ng/ml",30,1.6489,0.4836,"no","bi-nuclear",2.687,2.4221
"BJ","replicate_2","OSM",10,"ng/ml",30,0.375,2.0827,"no","bi-nuclear",0.8012,0.6716
"BJ","replicate_2","OSM",10,"ng/ml",30,2.0052,0.5445,"no","bi-nuclear",3.5049,2.752
"BJ","replicate_2","OSM",10,"ng/ml",30,0.3843,1.9873,"no","bi-nuclear",3.5549,4.478
"BJ","replicate_2","OSM",10,"ng/ml",30,2.3013,0.7212,"no","bi-nuclear",15.025,19.3519
"BJ","replicate_2","OSM",10,"ng/ml",30,0.471,1.496,"no","bi-nuclear",8.0767,4.0199
"BJ","replicate_2","OSM",0.1,"ng/ml",30,0.4316,2.0048,"no","bi-nuclear",0.4747,0.4033
"BJ","replicate_2","OSM",0.1,"ng/ml",30,2.7164,0.6005,"no","bi-nuclear",1.1685,1.0227
"BJ","replicate_2","OSM",0.1,"ng/ml",30,0.4283,1.9456,"no","bi-nuclear",1.9609,1.0435
"BJ","replicate_2","OSM",0.1,"ng/ml",30,2.5602,0.8465,"no","bi-nuclear",1.1881,1.0238
"BJ","replicate_2","OSM",0.1,"ng/ml",30,0.403,3.7801,"no","bi-nuclear",0.8923,0.5023
"BJ","replicate_2","OSM",0.1,"ng/ml",30,0.5041,2.317,"no","bi-nuclear",0.8672,0.9515
"BJ","replicate_2","OSM",0.1,"ng/ml",30,0.4241,1.3897,"no","bi-nuclear",1.3964,1.2571
"BJ","replicate_2","OSM",0.1,"ng/ml",30,2.2817,0.5882,"no","bi-nuclear",1.2759,1.2133
"BJ","replicate_2","OSM",0.1,"ng/ml",30,1.8704,0.3524,"no","bi-nuclear",1.0316,0.991
"BJ","replicate_2","OSM",0.1,"ng/ml",30,0.7024,1.6375,"no","bi-nuclear",1.3872,0.7746
"BJ","replicate_2","OSM",0.1,"ng/ml",30,2.0195,0.5022,"no","bi-nuclear",0.5409,0.6449
"BJ","replicate_2","OSM",0.1,"ng/ml",30,2.1985,0.6134,"no","bi-nuclear",0.3109,0.3889
"BJ","replicate_2","OSM",0.1,"ng/ml",30,0.3212,1.7575,"no","bi-nuclear",0.5314,0.3514
"BJ","replicate_2","OSM",0.1,"ng/ml",30,2.3792,0.6164,"no","bi-nuclear",0.9996,0.9583
"BJ","replicate_2","OSM",0.1,"ng/ml",30,2.105,0.5483,"no","bi-nuclear",0.6289,0.751
"BJ","replicate_2","OSM",0.1,"ng/ml",30,0.4269,1.5636,"no","bi-nuclear",1.167,1.3026
"BJ","replicate_2","OSM",0.1,"ng/ml",30,3.2463,0.8292,"no","bi-nuclear",0.603,0.6705
"BJ","replicate_2","OSM",0.1,"ng/ml",30,0.6251,1.5865,"no","bi-nuclear",2.2869,2.206
"BJ","replicate_2","OSM",0.1,"ng/ml",30,2.055,0.5325,"no","bi-nuclear",0.6751,0.5818
"BJ","replicate_2","OSM",0.1,"ng/ml",30,2.2074,0.587,"no","bi-nuclear",0.49,0.4904
"BJ","replicate_2","OSM",0.1,"ng/ml",30,2.0957,0.4438,"no","bi-nuclear",0.8008,0.8139
"BJ","replicate_2","OSM",0.1,"ng/ml",30,1.8133,0.5687,"no","bi-nuclear",0.5885,1.1143
"BJ","replicate_2","OSM",1,"ng/ml",30,0.4401,1.835,"no","bi-nuclear",2.6957,3.5459
"BJ","replicate_2","OSM",1,"ng/ml",30,0.3322,1.4208,"no","bi-nuclear",4.0868,4.252
"BJ","replicate_2","OSM",1,"ng/ml",30,1.9016,0.4322,"no","bi-nuclear",3.3839,2.3892
"BJ","replicate_2","OSM",1,"ng/ml",30,3.1628,0.8148,"no","bi-nuclear",2.6631,2.2358
"BJ","replicate_2","OSM",1,"ng/ml",30,1.4531,0.691,"no","bi-nuclear",3.5866,3.4618
"BJ","replicate_2","OSM",1,"ng/ml",30,0.4159,1.3894,"no","bi-nuclear",2.6021,2.0624
"BJ","replicate_2","OSM",1,"ng/ml",30,2.6535,0.678,"no","bi-nuclear",2.6277,3.4247
"BJ","replicate_2","OSM",1,"ng/ml",30,2.5792,0.8769,"no","bi-nuclear",6.148,4.4594
"BJ","replicate_2","OSM",1,"ng/ml",30,1.5412,0.6122,"no","bi-nuclear",3.8738,3.3923
"BJ","replicate_2","OSM",1,"ng/ml",30,2.0824,0.9031,"no","bi-nuclear",1.5911,1.3718
"BJ","replicate_2","OSM",1,"ng/ml",30,0.3926,1.5275,"no","bi-nuclear",1.7795,1.7239
"BJ","replicate_2","OSM",1,"ng/ml",30,2.8239,0.9062,"no","bi-nuclear",3.5632,1.9939
"BJ","replicate_2","OSM",1,"ng/ml",30,2.3046,0.6026,"no","bi-nuclear",7.8709,6.585
"BJ","replicate_2","OSM",1,"ng/ml",30,2.0588,0.4936,"no","bi-nuclear",1.6624,1.9478
"BJ","replicate_2","OSM",1,"ng/ml",30,0.4172,1.7682,"no","bi-nuclear",4.0737,4.174
"BJ","replicate_2","OSM",1,"ng/ml",30,0.2973,1.0156,"no","bi-nuclear",4.4948,5.39
"BJ","replicate_2","OSM",1,"ng/ml",30,0.3788,1.1316,"no","bi-nuclear",1.5139,2.1236
"BJ","replicate_2","OSM",1,"ng/ml",30,0.4977,1.2745,"no","bi-nuclear",1.893,1.5076
"BJ","replicate_2","OSM",1,"ng/ml",30,0.3645,2.6358,"no","bi-nuclear",2.2507,1.9798
"BJ","replicate_2","OSM",1,"ng/ml",30,1.4796,0.4897,"no","bi-nuclear",2.5415,4.823
"BJ","replicate_2","OSM",1,"ng/ml",30,0.4072,1.3937,"no","bi-nuclear",3.7746,2.3991
"BJ","replicate_2","OSM",1,"ng/ml",30,1.5381,0.7392,"no","bi-nuclear",1.8116,1.7617
"BJ","replicate_2","OSM",1,"ng/ml",30,0.5074,2.2405,"no","bi-nuclear",2.0827,1.872
"BJ","replicate_2","OSM",10,"ng/ml",30,0.2947,1.3603,"no","bi-nuclear",5.6461,8.2726
"BJ","replicate_2","OSM",10,"ng/ml",30,3.2293,0.7187,"no","bi-nuclear",8.7437,6.02
"BJ","replicate_2","OSM",10,"ng/ml",30,1.964,0.5196,"no","bi-nuclear",9.1924,8.0686
"BJ","replicate_2","OSM",10,"ng/ml",30,2.3716,0.5097,"no","bi-nuclear",8.7337,5.9697
"BJ","replicate_2","OSM",10,"ng/ml",30,2.5221,0.5065,"no","bi-nuclear",8.3478,9.2558
"BJ","replicate_2","OSM",10,"ng/ml",30,1.9154,0.3935,"no","bi-nuclear",9.1799,9.3432
"BJ","replicate_2","OSM",10,"ng/ml",30,0.2566,2.134,"no","bi-nuclear",14.1163,13.3366
"BJ","replicate_2","OSM",10,"ng/ml",30,0.3257,1.752,"no","bi-nuclear",11.6586,14.2681
"BJ","replicate_2","OSM",10,"ng/ml",30,0.22,1.1777,"no","bi-nuclear",4.3812,7.0165
"BJ","replicate_2","OSM",10,"ng/ml",30,2.5946,0.7207,"no","bi-nuclear",7.1034,7.0379
"BJ","replicate_2","OSM",10,"ng/ml",30,2.1376,0.6722,"no","bi-nuclear",2.564,1.9864
"BJ","replicate_2","OSM",10,"ng/ml",30,2.8461,0.7334,"no","bi-nuclear",6.9158,4.9794
"BJ","replicate_2","OSM",10,"ng/ml",30,2.7475,0.5179,"no","bi-nuclear",4.6731,4.7037
"BJ","replicate_2","OSM",10,"ng/ml",30,0.4982,1.8094,"no","bi-nuclear",7.5704,7.1485
"BJ","replicate_2","OSM",10,"ng/ml",30,0.4968,1.3706,"no","bi-nuclear",3.3568,3.7415
"BJ","replicate_2","OSM",10,"ng/ml",30,2.0766,0.4569,"no","bi-nuclear",9.7198,13.6504
"BJ","replicate_2","OSM",10,"ng/ml",30,1.6461,0.5724,"no","bi-nuclear",5.1878,4.1189
"BJ","replicate_2","OSM",10,"ng/ml",30,3.6022,0.4983,"no","bi-nuclear",1.7389,1.2276
"BJ","replicate_2","OSM",10,"ng/ml",30,2.0327,0.4928,"no","bi-nuclear",3.1203,3.0967
"BJ","replicate_2","OSM",10,"ng/ml",30,2.1101,0.4083,"no","bi-nuclear",0.7214,0.4928
"BJ","replicate_2","OSM",10,"ng/ml",30,2.5811,0.5311,"no","bi-nuclear",9.5684,6.811
"BJ","replicate_2","OSM",10,"ng/ml",30,2.7561,0.5404,"no","bi-nuclear",11.1454,9.5932
"BJ","replicate_2","OSM",10,"ng/ml",30,1.9309,0.6075,"no","bi-nuclear",4.048,4.0614
"BJ","replicate_2","OSM",10,"ng/ml",15,0.4562,1.1927,"no","bi-nuclear",8.5651,6.2347
"BJ","replicate_2","OSM",10,"ng/ml",15,0.3552,1.4971,"no","bi-nuclear",12.1472,8.2086
"BJ","replicate_2","OSM",10,"ng/ml",15,2.1419,0.6234,"no","bi-nuclear",6.6404,4.862
"BJ","replicate_2","OSM",10,"ng/ml",15,2.0034,0.3851,"no","bi-nuclear",2.7574,2.8602
"BJ","replicate_2","OSM",10,"ng/ml",15,2.0155,0.5572,"no","bi-nuclear",3.081,4.3969
"BJ","replicate_2","OSM",10,"ng/ml",15,3.2683,0.7547,"no","bi-nuclear",9.4967,5.4298
"BJ","replicate_2","OSM",10,"ng/ml",15,2.793,0.6539,"no","bi-nuclear",6.1627,4.8273
"BJ","replicate_2","OSM",10,"ng/ml",15,0.4106,2.092,"no","bi-nuclear",8.5112,6.2571
"BJ","replicate_2","OSM",10,"ng/ml",15,0.5337,2.1445,"no","bi-nuclear",2.3346,2.0526
"BJ","replicate_2","OSM",10,"ng/ml",15,0.7648,1.3312,"no","bi-nuclear",3.8996,3.3451
"BJ","replicate_2","OSM",10,"ng/ml",15,0.4971,1.9196,"no","bi-nuclear",7.8333,6.3155
"BJ","replicate_2","OSM",10,"ng/ml",15,0.5886,2.1397,"no","bi-nuclear",3.4173,2.5357
"BJ","replicate_2","OSM",10,"ng/ml",15,2.2181,0.3821,"no","bi-nuclear",3.0033,2.622
"BJ","replicate_2","OSM",10,"ng/ml",15,4.181,0.868,"no","bi-nuclear",5.9396,3.0107
"BJ","replicate_2","OSM",10,"ng/ml",15,0.467,1.437,"no","bi-nuclear",3.8169,2.6433
"BJ","replicate_2","OSM",10,"ng/ml",15,1.7513,1.0286,"no","bi-nuclear",4.7281,4.9113
"BJ","replicate_2","OSM",10,"ng/ml",15,2.1813,0.4039,"no","bi-nuclear",6.2549,5.5899
"BJ","replicate_2","OSM",10,"ng/ml",15,0.4377,1.5602,"no","bi-nuclear",4.0051,3.4839
"BJ","replicate_2","OSM",10,"ng/ml",15,2.0579,0.569,"no","bi-nuclear",4.2811,7.0241
"BJ","replicate_2","OSM",10,"ng/ml",15,0.3201,1.6627,"no","bi-nuclear",9.0022,8.4867
"BJ","replicate_2","OSM",10,"ng/ml",15,2.2977,0.5466,"no","bi-nuclear",6.9839,4.5178
"BJ","replicate_2","OSM",10,"ng/ml",15,1.8721,0.4945,"no","bi-nuclear",2.6949,2.0712
"BJ","replicate_2","OSM",10,"ng/ml",15,2.5422,0.6396,"no","bi-nuclear",5.4374,5.373
"BJ","replicate_2","OSM",10,"ng/ml",15,1.9838,0.4657,"no","bi-nuclear",7.3372,6.6873
"BJ","replicate_2","OSM",10,"ng/ml",15,0.4552,1.6464,"no","bi-nuclear",8.1355,6.4716
"BJ","replicate_2","OSM",10,"ng/ml",15,2.4277,0.8343,"no","bi-nuclear",3.9173,4.4262
"BJ","replicate_2","OSM",10,"ng/ml",15,1.9794,0.6547,"no","bi-nuclear",4.7034,5.8417
"BJ","replicate_2","OSM",10,"ng/ml",15,1.5286,0.4758,"no","bi-nuclear",5.1055,5.9578
"BJ","replicate_2","OSM",10,"ng/ml",15,2.4314,0.8444,"no","bi-nuclear",6.6946,6.1757
"BJ","replicate_2","OSM",10,"ng/ml",15,0.5064,2.1555,"no","bi-nuclear",5.0454,4.8675
"BJ","replicate_2","OSM",10,"ng/ml",15,2.1042,0.5843,"no","bi-nuclear",2.2108,1.9971
"BJ","replicate_2","OSM",10,"ng/ml",15,0.4208,1.5457,"no","bi-nuclear",3.9368,5.207
"BJ","replicate_2","OSM",10,"ng/ml",15,1.9447,0.4491,"no","bi-nuclear",8.2202,8.0689
"BJ","replicate_2","OSM",10,"ng/ml",15,1.8758,0.4009,"no","bi-nuclear",5.9405,5.8061
"BJ","replicate_2","OSM",10,"ng/ml",15,1.7697,0.3695,"no","bi-nuclear",5.5694,8.5357
"BJ","replicate_2","OSM",10,"ng/ml",15,0.3157,1.2132,"no","bi-nuclear",2.6076,3.1676
"BJ","replicate_2","OSM",10,"ng/ml",15,0.3643,1.6625,"no","bi-nuclear",10.3701,8.0264
"BJ","replicate_2","OSM",10,"ng/ml",5,1.9024,0.3649,"no","bi-nuclear",2.96,3.8981
"BJ","replicate_2","OSM",10,"ng/ml",5,0.3972,1.185,"no","bi-nuclear",2.656,1.8213
"BJ","replicate_2","OSM",10,"ng/ml",5,3.548,0.688,"no","bi-nuclear",4.085,3.0834
"BJ","replicate_2","OSM",10,"ng/ml",5,1.1455,0.4025,"no","bi-nuclear",5.2272,3.1654
"BJ","replicate_2","OSM",10,"ng/ml",5,0.4936,2.3089,"no","bi-nuclear",0.6965,0.5511
"BJ","replicate_2","OSM",10,"ng/ml",5,0.4584,1.9568,"no","bi-nuclear",2.1881,2.3918
"BJ","replicate_2","OSM",10,"ng/ml",5,0.986,2.5502,"no","bi-nuclear",1.7367,2.0866
"BJ","replicate_2","OSM",10,"ng/ml",5,2.1842,0.4323,"no","bi-nuclear",2.9273,3.4015
"BJ","replicate_2","OSM",10,"ng/ml",5,0.7043,1.8643,"no","bi-nuclear",11.5774,10.124
"BJ","replicate_2","OSM",10,"ng/ml",5,5.0627,0.6309,"no","bi-nuclear",4.2102,3.0026
"BJ","replicate_2","OSM",10,"ng/ml",5,2.3315,0.4599,"no","bi-nuclear",3.5437,4.1893
"BJ","replicate_2","OSM",10,"ng/ml",5,2.8641,0.2809,"no","bi-nuclear",3.8944,4.5837
"BJ","replicate_2","OSM",10,"ng/ml",5,0.2903,1.8304,"no","bi-nuclear",1.2707,2.2451
"BJ","replicate_2","OSM",10,"ng/ml",5,2.2539,0.6506,"no","bi-nuclear",7.8399,5.7261
"BJ","replicate_2","OSM",10,"ng/ml",5,3.1057,0.6321,"no","bi-nuclear",2.8368,1.989
"BJ","replicate_2","OSM",10,"ng/ml",5,1.7496,0.5216,"no","bi-nuclear",2.8087,2.7568
"BJ","replicate_2","OSM",10,"ng/ml",5,0.4468,1.1759,"no","bi-nuclear",5.7781,7.0358
"BJ","replicate_2","OSM",10,"ng/ml",5,2.7627,0.9125,"no","bi-nuclear",3.7405,2.7085
"BJ","replicate_2","OSM",10,"ng/ml",5,0.5342,2.0744,"no","bi-nuclear",5.4301,4.1201
"BJ","replicate_2","OSM",10,"ng/ml",5,0.4257,2.1838,"no","bi-nuclear",4.0687,3.5495
"BJ","replicate_2","OSM",10,"ng/ml",5,1.9427,0.4889,"no","bi-nuclear",5.1421,6.7733
"BJ","replicate_2","OSM",10,"ng/ml",5,2.6743,0.5709,"no","bi-nuclear",5.2013,5.6827
"BJ","replicate_2","OSM",10,"ng/ml",5,2.8975,0.6158,"no","bi-nuclear",3.8433,3.1855
"BJ","replicate_2","OSM",10,"ng/ml",5,1.7577,0.2477,"no","bi-nuclear",1.2883,1.9976
"BJ","replicate_2","OSM",10,"ng/ml",5,0.5462,2.0313,"no","bi-nuclear",4.8632,4.0443
"BJ","replicate_2","OSM",10,"ng/ml",5,2.8806,0.5658,"no","bi-nuclear",5.0873,4.7084
"BJ","replicate_2","OSM",10,"ng/ml",5,0.744,1.5044,"no","bi-nuclear",4.8085,5.5967
"BJ","replicate_2","OSM",10,"ng/ml",5,2.3795,0.308,"no","bi-nuclear",1.1237,1.3097
"BJ","replicate_2","OSM",10,"ng/ml",5,1.6734,0.5681,"no","bi-nuclear",0.6588,0.8684
"BJ","replicate_2","OSM",10,"ng/ml",5,2.6071,1.0718,"no","bi-nuclear",3.7038,5.1367
"BJ","replicate_2","OSM",10,"ng/ml",5,0.4683,4.0231,"no","bi-nuclear",2.1302,1.8792
"BJ","replicate_2","OSM",10,"ng/ml",5,2.2272,0.7219,"no","bi-nuclear",3.5577,2.7413
"BJ","replicate_2","OSM",10,"ng/ml",5,0.8109,2.6333,"no","bi-nuclear",3.63,2.684
"BJ","replicate_2","OSM",10,"ng/ml",5,0.4433,1.06,"no","bi-nuclear",4.6511,6.0265
"BJ","replicate_2","OSM",10,"ng/ml",5,2.4811,0.7626,"no","bi-nuclear",8.754,6.3937
"BJ","replicate_2","OSM",10,"ng/ml",5,0.475,3.102,"no","bi-nuclear",3.0146,2.0636
"BJ","replicate_2","OSM",10,"ng/ml",5,0.5018,1.5076,"no","bi-nuclear",2.7461,2.3437
"BJ","replicate_2","OSM",10,"ng/ml",5,0.4126,2.4332,"no","bi-nuclear",3.3069,3.2949
"BJ","replicate_2","OSM",10,"ng/ml",5,1.9459,0.6924,"no","bi-nuclear",2.458,2.9296
"BJ","replicate_2","OSM",10,"ng/ml",5,0.284,1.5127,"no","bi-nuclear",3.9935,4.7957
"BJ","replicate_2","OSM",10,"ng/ml",5,2.9182,0.7654,"no","bi-nuclear",4.5044,3.3067
"BJ","replicate_2","OSM",10,"ng/ml",5,1.57,0.4872,"no","bi-nuclear",4.3799,9.0586
"BJ","replicate_2","OSM",10,"ng/ml",5,2.5283,0.501,"no","bi-nuclear",0.9177,0.6153
"BJ","replicate_2","OSM",10,"ng/ml",5,0.3514,1.452,"no","bi-nuclear",3.3909,4.2105
"BJ","replicate_2","OSM",10,"ng/ml",5,2.6086,1.058,"no","bi-nuclear",4.5966,5.1967
